"Query","Match","HMDB","PubChem","ChEBI","KEGG","METLIN","SMILES","Comment"
"192798","Digitalose",NA,"192798",NA,NA,NA,NA,"1"
"79034","12-Hydroxydodecanoic acid","HMDB0002059","79034","39567","C08317","6465","OCCCCCCCCCCCC(O)=O","1"
"10413","4-Hydroxybutyric acid","HMDB0000710","10413","30830","C00989","5678","OCCCC(O)=O","1"
"439230","Mevalonic acid","HMDB0000227","439230","17710","C00418","127","C[C@@](O)(CCO)CC(O)=O","1"
"20975673","NA","NA","NA","NA","NA","NA","NA","0"
"5275508","NA","NA","NA","NA","NA","NA","NA","0"
"8117","DI(Hydroxyethyl)ether","HMDB0251245","8117","46807","C14689",NA,"OCCOCCO","1"
"7501","Styrene","HMDB0034240","7501","27452","C07083",NA,"C=CC1=CC=CC=C1","1"
"441445","NA","NA","NA","NA","NA","NA","NA","0"
"46173990","cyclo-dopa 5-O-glucoside","HMDB0304310","46173990","134458","C17751",NA,"[H][C@]1(CC2=CC(O[C@]3([H])O[C@]([H])(CO)[C@@]([H])(O)[C@]([H])(O)[C@@]3([H])O)=C(O)C=C2N1)C(O)=O","1"
"46173248","4-(Hydroxylamino)-N,N-dimethylaniline",NA,"46173248",NA,NA,NA,NA,"1"
"19756","Fubridazole",NA,"19756",NA,NA,NA,NA,"1"
"25244229","NA","NA","NA","NA","NA","NA","NA","0"
"167717","NA","NA","NA","NA","NA","NA","NA","0"
"5281158","Dianthalexin",NA,"5281158",NA,NA,NA,NA,"1"
"92042781","NA","NA","NA","NA","NA","NA","NA","0"
"446834","5-Hydroxyferulic acid","HMDB0035484","446834","2069","C05619",NA,"COC1=C(O)C(O)=CC(\C=C\C(O)=O)=C1","1"
"1050","Pyridoxal","HMDB0001545","1050","17310","C00250","6312","CC1=NC=C(CO)C(C=O)=C1O","1"
"441796","Glaucarubinone",NA,"441796",NA,NA,NA,NA,"1"
"5281763","Carpacin",NA,"5281763",NA,NA,NA,NA,"1"
"7768","Epsilon-caprolactam","HMDB0062769","7768","28579","C06593",NA,"O=C1CCCCCN1","1"
"146167","Danielone","HMDB0031704","146167","4316","C10674",NA,"COC1=CC(=CC(OC)=C1O)C(=O)CO","1"
"657272","Glycerophosphocholine","HMDB0000086","657272","16870","C00670","370","C[N+](C)(C)CCOP([O-])(=O)OC[C@H](O)CO","1"
"442416","NA","NA","NA","NA","NA","NA","NA","0"
"4171","Metoprolol","HMDB0001932","4171","6904","C07202","1250","COCCC1=CC=C(OCC(O)CNC(C)C)C=C1","1"
"3672","Ibuprofen","HMDB0001925","3672","5855","C01588","572","CC(C)CC1=CC=C(C=C1)C(C)C(O)=O","1"
"442261","NA","NA","NA","NA","NA","NA","NA","0"
"304599","NA","NA","NA","NA","NA","NA","NA","0"
"440386","NA","NA","NA","NA","NA","NA","NA","0"
"135437","Choline-P",NA,"135437",NA,NA,NA,NA,"1"
"85154","NA","NA","NA","NA","NA","NA","NA","0"
"5426","Thalidomide","HMDB0015175","5426","74947","C07910",NA,"O=C1N(C2CCC(=O)NC2=O)C(=O)C2=CC=CC=C12","1"
"33474","NA","NA","NA","NA","NA","NA","NA","0"
"4455","NA","NA","NA","NA","NA","NA","NA","0"
"326","Cuminaldehyde","HMDB0002214","326","28671","C06577",NA,"[H]C(=O)C1=CC=C(C=C1)C(C)C","1"
"31343","NA","NA","NA","NA","NA","NA","NA","0"
"9862","Sulcatone","HMDB0035915","9862","16310","C07287",NA,"CC(C)=CCCC(C)=O","1"
"442769","NA","NA","NA","NA","NA","NA","NA","0"
"4943","Propofol","HMDB0014956","4943","44915","C07523",NA,"CC(C)C1=CC=CC(C(C)C)=C1O","1"
"11799","NA","NA","NA","NA","NA","NA","NA","0"
"10760","NA","NA","NA","NA","NA","NA","NA","0"
"439864","NA","NA","NA","NA","NA","NA","NA","0"
"439516","NA","NA","NA","NA","NA","NA","NA","0"
"10209","NA","NA","NA","NA","NA","NA","NA","0"
"6328134","NA","NA","NA","NA","NA","NA","NA","0"
"442916","4-Hydroxy-3-(3-methyl-2-butenyl)acetophenone","HMDB0030770","442916","585101","C10702",NA,"CC(C)=CCC1=C(O)C=CC(=C1)C(C)=O","1"
"29719","5-S-Cysteinyl-D-dopa","HMDB0244850","29719",NA,"C17935",NA,"NC(CSC1=CC(CC(N)C(O)=O)=CC(O)=C1O)C(O)=O","1"
"20056682","Streptobiosamine",NA,"20056682",NA,NA,NA,NA,"1"
"688492","(+)-Dehydrovomifoliol","HMDB0302822","688492","4372","C02533",NA,"[H]\C(=C(\[H])[C@@]1(O)C(C)=CC(=O)CC1(C)C)C(C)=O","1"
"127864","NA","NA","NA","NA","NA","NA","NA","0"
"5281124","NA","NA","NA","NA","NA","NA","NA","0"
"91458","NA","NA","NA","NA","NA","NA","NA","0"
"348162","Sakuranin","HMDB0302696","348162",NA,NA,NA,"COC1=CC(OC2OC(CO)C(O)C(O)C2O)=C2C(=O)CC(OC2=C1)C1=CC=C(O)C=C1","1"
"6853","Fluorene","HMDB0252355","6853","28266","C07715",NA,"C1C2=CC=CC=C2C2=CC=CC=C12","1"
"164950","Robustine",NA,"164950",NA,NA,NA,NA,"1"
"17190","NA","NA","NA","NA","NA","NA","NA","0"
"440096","S-Acetylphosphopantetheine",NA,"440096",NA,NA,NA,NA,"1"
"443337","8-Epiiridodial glucoside",NA,"443337","2318","C11656",NA,"CC1=CO(O2O(CO)(O)(O)2O)21CC2C","1"
"5489029","Codeine-6-glucuronide","HMDB0060464","5489029","80580","C16577",NA,"[H][C@]12C=C[C@H](O[C@@H]3O[C@@H]([C@@H](O)[C@H](O)[C@H]3O)C(O)=O)[C@@H]3OC4=C5C(C[C@H]1N(C)CC[C@@]235)=CC=C4OC","1"
"89644","Altersolanol A",NA,"89644",NA,NA,NA,NA,"1"
"5280696","NA","NA","NA","NA","NA","NA","NA","0"
"16070001","NA","NA","NA","NA","NA","NA","NA","0"
"6452294","NA","NA","NA","NA","NA","NA","NA","0"
"7499","4-Vinylcyclohexene","HMDB0246592","7499",NA,"C19310",NA,"C=CC1CCC=CC1","1"
"5200","NA","NA","NA","NA","NA","NA","NA","0"
"85782","3,4-Dihydroxymandelic acid","HMDB0001866","85782","27637","C05580","696","OC(C(O)=O)C1=CC=C(O)C(O)=C1","1"
"34633","Moricizine","HMDB0014818","34633","6997","C07743",NA,"CCOC(=O)NC1=CC2=C(SC3=CC=CC=C3N2C(=O)CCN2CCOCC2)C=C1","1"
"637775","Sinapic acid","HMDB0032616","637775","15714","C00482",NA,"COC1=CC(\C=C\C(O)=O)=CC(OC)=C1O","1"
"14335","N'-nitrosoanabasine","HMDB0041939","14335",NA,"C19477",NA,"O=NN1CCCCC1C1=CN=CC=C1","1"
"13666","NA","NA","NA","NA","NA","NA","NA","0"
"68252","Thymol acetate",NA,"68252",NA,NA,NA,NA,"1"
"11915","Phenylglyoxylic acid","HMDB0001587","11915","18280","C02137",NA,"OC(=O)C(=O)C1=CC=CC=C1","1"
"5911","NA","NA","NA","NA","NA","NA","NA","0"
"5371002","alpha-Irone","HMDB0035631","5371002","10284","C09690",NA,"CC1CC=C(C)C(\C=C\C(C)=O)C1(C)C","1"
"75048","Methoxychlor olefin",NA,"75048",NA,NA,NA,NA,"1"
"69925","NA","NA","NA","NA","NA","NA","NA","0"
"800","Indoleacetaldehyde","HMDB0001190","800","18086","C00637","6068","O=CCC1=CNC2=C1C=CC=C2","1"
"440126","NA","NA","NA","NA","NA","NA","NA","0"
"86102","NA","NA","NA","NA","NA","NA","NA","0"
"5281166","Jasmonic acid","HMDB0032797","5281166","18292","C08491",NA,"CC\C=C/C[C@@H]1[C@@H](CC(O)=O)CCC1=O","1"
"173651","NA","NA","NA","NA","NA","NA","NA","0"
"442206","Elephantopin",NA,"442206","4773","C09403",NA,"C=C(C)C(=O)O1CC2=C(C3(C)O33OC(=O)C(=C)13)OC2=O","1"
"854067","D-synephrine","HMDB0062811","854067","119","C01869",NA,"CNC[C@H](O)C1=CC=C(O)C=C1","1"
"5312508","Stearidonic acid","HMDB0006547","5312508","32389","C16300",NA,"CC\C=C/C\C=C/C\C=C/C\C=C/CCCCC(O)=O","1"
"1489","4-(2,4-dichlorophenoxy)butanoic acid",NA,"1489",NA,NA,NA,NA,"1"
"439216","L-Dihydroorotic acid","HMDB0003349","439216","17025","C00337","6899","OC(=O)[C@@H]1CC(=O)NC(=O)N1","1"
"11236","NA","NA","NA","NA","NA","NA","NA","0"
"5796","NA","NA","NA","NA","NA","NA","NA","0"
"186059","NA","NA","NA","NA","NA","NA","NA","0"
"46174042","NA","NA","NA","NA","NA","NA","NA","0"
"91701","Fluazifop","HMDB0252322","91701","83598","C18527",NA,"CC(OC1=CC=C(OC2=NC=C(C=C2)C(F)(F)F)C=C1)C(O)=O","1"
"440168","NA","NA","NA","NA","NA","NA","NA","0"
"161120","Ginkgolide C","HMDB0036860","161120",NA,"C07603",NA,"CC1C(=O)OC2C(O)C34C5OC(=O)C3(OC3OC(=O)C(O)C43C(C5O)C(C)(C)C)C12O","1"
"3050259","NA","NA","NA","NA","NA","NA","NA","0"
"4659569","Tolcapone","HMDB0014468","4659569","63630","C07949",NA,"CC1=CC=C(C=C1)C(=O)C1=CC(=C(O)C(O)=C1)[N+]([O-])=O","1"
"5281372","Jatrophatrione",NA,"5281372",NA,NA,NA,NA,"1"
"21319","Flucloxacillin","HMDB0014446","21319","5098","C11748",NA,"[H][C@]12SC(C)(C)[C@@H](N1C(=O)[C@H]2NC(=O)C1=C(C)ON=C1C1=C(F)C=CC=C1Cl)C(O)=O","1"
"167937","Adiantifoline",NA,"167937",NA,NA,NA,NA,"1"
"1195","Isopentenyl pyrophosphate","HMDB0001347","1195","16584","C00129","6181","CC(=C)CCOP(O)(=O)OP(O)(O)=O","1"
"254","NA","NA","NA","NA","NA","NA","NA","0"
"442119","Thienodolin",NA,"442119",NA,NA,NA,NA,"1"
"5281159","(+)-cucurbic acid",NA,"5281159","18446","C08482",NA,"CC/C=C\C1(O)CC1CC(=O)O","1"
"163913","S-(2-Chloroacetyl)glutathione","HMDB0060505","163913","34959","C14864",NA,"[H][C@](N)(CCC(O)=N[C@@]([H])(CSC(=O)CCl)C(O)=NCC(O)=O)C(O)=O","1"
"3229","Enoxacin","HMDB0014610","3229","157175","C06979",NA,"CCN1C=C(C(O)=O)C(=O)C2=CC(F)=C(N=C12)N1CCNCC1","1"
"20218","(+)-Bornane-2,5-dione",NA,"20218","36775","C03037",NA,"CC12CC(=O)C(CC1=O)C2(C)C","1"
"9543071","NA","NA","NA","NA","NA","NA","NA","0"
"439287","Deoxyribose 1-phosphate","HMDB0001351","439287","28542","C00672","6182","OC[C@H]1OC(C[C@@H]1O)OP(O)(O)=O","1"
"62020","NA","NA","NA","NA","NA","NA","NA","0"
"6324617","NA","NA","NA","NA","NA","NA","NA","0"
"221071","alpha-Santonin",NA,"221071","16363","C02206",NA,"CC1=C23OC(=O)(C)3CC2(C)C=CC1=O","1"
"68759","5-L-Glutamyl-taurine","HMDB0004195","68759","27694","C05844",NA,"N[C@@H](CCC(=O)NCCS(O)(=O)=O)C(O)=O","1"
"46173869","NA","NA","NA","NA","NA","NA","NA","0"
"2477","Buspirone","HMDB0014633","2477","3223","C06861",NA,"O=C1CC2(CCCC2)CC(=O)N1CCCCN1CCN(CC1)C1=NC=CC=N1","1"
"96356","Phosphoramide mustard","HMDB0060689","96356","8163","C07647",NA,"NP(O)(=O)N(CCCl)CCCl","1"
"76739","Bisphenol A dimethacrylate","HMDB0249275","76739","34579","C14345",NA,"CC(=C)C(=O)OC1=CC=C(C=C1)C(C)(C)C1=CC=C(OC(=O)C(C)=C)C=C1","1"
"8400","Benzoin","HMDB0032039","8400","17682","C01408",NA,"OC(C(=O)C1=CC=CC=C1)C1=CC=CC=C1","1"
"8404","NA","NA","NA","NA","NA","NA","NA","0"
"1150","Tryptamine","HMDB0000303","1150","16765","C00398","325","NCCC1=CNC2=C1C=CC=C2","1"
"5281201","NA","NA","NA","NA","NA","NA","NA","0"
"5280417","3,7-Dimethylquercetin","HMDB0029263","5280417","18010","C01265",NA,"COC1=CC2=C(C(O)=C1)C(=O)C(OC)=C(O2)C1=CC(O)=C(O)C=C1","1"
"7057","2-Aminonaphthalene","HMDB0041802","7057","27878","C02227",NA,"NC1=CC2=CC=CC=C2C=C1","1"
"24883455","2-(3-Methylthiopropyl)malic acid",NA,"24883455",NA,NA,NA,NA,"1"
"24971","NA","NA","NA","NA","NA","NA","NA","0"
"5462194","NA","NA","NA","NA","NA","NA","NA","0"
"5578","Trimethoprim","HMDB0014583","5578","45924","C01965",NA,"COC1=CC(CC2=CN=C(N)N=C2N)=CC(OC)=C1OC","1"
"64139","Efavirenz","HMDB0014763","64139","119486","C08088",NA,"FC(F)(F)[C@]1(OC(=O)NC2=C1C=C(Cl)C=C2)C#CC1CC1","1"
"10037499","5,7,24(28)-Ergostatrienol","HMDB0060404","10037499","80095","C15778",NA,"CC(C)C(=C)CC[C@@H](C)[C@H]1CC[C@H]2C3=CC=C4C[C@@H](O)CC[C@]4(C)C3CC[C@]12C","1"
"5326566","NA","NA","NA","NA","NA","NA","NA","0"
"7406","Isopropylbenzene","HMDB0034029","7406","34656","C14396",NA,"CC(C)C1=CC=CC=C1","1"
"68433","Melicopine",NA,"68433",NA,NA,NA,NA,"1"
"906426","Heliotrine",NA,"906426",NA,NA,NA,NA,"1"
"440217","D-Pantothenoyl-L-cysteine","HMDB0006834","440217","18416","C04079",NA,"CC(C)(CO)[C@@H](O)C(=O)NCCC(=O)N[C@@H](CS)C(O)=O","1"
"439241","NA","NA","NA","NA","NA","NA","NA","0"
"152946","Moxifloxacin","HMDB0014363","152946","63611","C07663",NA,"[H][C@]12CN(C[C@@]1([H])NCCC2)C1=C(F)C=C2C(=O)C(=CN(C3CC3)C2=C1OC)C(O)=O","1"
"9548637","Glucoiberverin","HMDB0304681","9548637",NA,"C08412",NA,"CSCCC\C(S[C@@H]1O[C@H](CO)[C@@H](O)[C@H](O)[C@H]1O)=N/OS([O-])(=O)=O","1"
"6336010","NA","NA","NA","NA","NA","NA","NA","0"
"643733","NA","NA","NA","NA","NA","NA","NA","0"
"122841","Aspidinol",NA,"122841",NA,NA,NA,NA,"1"
"68231","NA","NA","NA","NA","NA","NA","NA","0"
"5961","Glutamine","HMDB0000641","5961","18050","C00064","5614","N[C@@H](CCC(N)=O)C(O)=O","1"
"7034","NA","NA","NA","NA","NA","NA","NA","0"
"5280505","Latia luciferin",NA,"5280505","17269","C02293",NA,"CC1=C(CC/C(C)=C/OC=O)C(C)(C)CCC1","1"
"161538","Paucin",NA,"161538",NA,NA,NA,NA,"1"
"439898","NA","NA","NA","NA","NA","NA","NA","0"
"8905","4-Hydroxyphthalate",NA,"8905","27600","C06680",NA,NA,"1"
"93017","podocarpic acid",NA,"93017","8277","C09171",NA,"C1(C(=O)O)CCC2(C)c3cc(O)ccc3CC12","1"
"88363","NA","NA","NA","NA","NA","NA","NA","0"
"29354","NA","NA","NA","NA","NA","NA","NA","0"
"440867","Acetyl adenylate","HMDB0006880","440867","37666","C05993",NA,"CC(=O)OP(O)(=O)OC[C@H]1O[C@H]([C@H](O)[C@@H]1O)N1C=NC2=C1N=CN=C2N","1"
"160539","NA","NA","NA","NA","NA","NA","NA","0"
"587","Phosphocreatine","HMDB0001511","587","17287","C02305","6288","CN(CC(O)=O)C(=N)NP(O)(O)=O","1"
"667639","3,3',4'5-Tetrahydroxystilbene","HMDB0004215","667639","28814","C05901",NA,"OC1=CC(\C=C\C2=CC(O)=C(O)C=C2)=CC(O)=C1","1"
"164695","NA","NA","NA","NA","NA","NA","NA","0"
"33032","Glutamic acid","HMDB0000148","33032","16015","C00025","5174","N[C@@H](CCC(O)=O)C(O)=O","1"
"31229","Phenyl acetate","HMDB0040733","31229","8082","C15583",NA,"CC(=O)OC1=CC=CC=C1","1"
"46173811","(+)-abscisic acid beta-D-glucopyranosyl ester",NA,"46173811","22151","C15970",NA,"CC1=CC(=O)CC(C)(C)1(O)/C=C/C(C)=C\C(=O)O1O(CO)(O)(O)1O","1"
"4990","Pyricarbate","HMDB0256959","4990",NA,"C12842",NA,"CN=C(O)OCC1=CC=CC(COC(O)=NC)=N1","1"
"145742","Proline","HMDB0000162","145742","17203","C00148","29","OC(=O)[C@@H]1CCCN1","1"
"3291","Ethosuximide","HMDB0014731","3291","4887","C07505",NA,"CCC1(C)CC(=O)NC1=O","1"
"1047","Pyrazin-2-carboxylic acid","HMDB0059734","1047","71311","C19915",NA,"OC(=O)C1=CN=CC=N1","1"
"11831","2-Nitrofluorene","HMDB0245257","11831","1224","C10923",NA,"O=N(=O)C1=CC=C2C(CC3=CC=CC=C23)=C1","1"
"5270647","NA","NA","NA","NA","NA","NA","NA","0"
"439435","3-(3,4-Dihydroxyphenyl)lactic acid","HMDB0003503","439435","17807","C01207","6942","OC(CC1=CC(O)=C(O)C=C1)C(O)=O","1"
"1549098","3-Sulfinoalanine","HMDB0000996","1549098","16345","C00606","5927","N[C@@H](CS(O)=O)C(O)=O","1"
"3026336","NA","NA","NA","NA","NA","NA","NA","0"
"119269","Kievitone","HMDB0034213","119269","16832","C01590",NA,"CC(C)=CCC1=C2OCC(C(=O)C2=C(O)C=C1O)C1=C(O)C=C(O)C=C1","1"
"3034285","NA","NA","NA","NA","NA","NA","NA","0"
"3035026","NA","NA","NA","NA","NA","NA","NA","0"
"130","2-hydroxy-4-oxobutane-1,2,4-tricarboxylic acid",NA,"130","17250","C04115",NA,"O=C(O)CC(O)(CC(=O)C(=O)O)C(=O)O","1"
"94214","NA","NA","NA","NA","NA","NA","NA","0"
"121893","Protoporphyrinogen IX","HMDB0001097","121893","15435","C01079","6003","CC1=C2CC3=C(C)C(C=C)=C(CC4=C(C)C(C=C)=C(CC5=C(C)C(CCC(O)=O)=C(CC(N2)=C1CCC(O)=O)N5)N4)N3","1"
"9502","Linuron","HMDB0254109","9502","6482","C11007",NA,"CON(C)C(=O)NC1=CC=C(Cl)C(Cl)=C1","1"
"441833","NA","NA","NA","NA","NA","NA","NA","0"
"440341","NA","NA","NA","NA","NA","NA","NA","0"
"6049","Edetic Acid","HMDB0015109","6049","42191","C00284",NA,"OC(=O)CN(CCN(CC(O)=O)CC(O)=O)CC(O)=O","1"
"25244947","NA","NA","NA","NA","NA","NA","NA","0"
"445937","NA","NA","NA","NA","NA","NA","NA","0"
"8246","NA","NA","NA","NA","NA","NA","NA","0"
"91591","NA","NA","NA","NA","NA","NA","NA","0"
"5281790","Neogitogenin 3-[glucosyl-(1->2)-glucosyl-(1->4)-galactoside]","HMDB0041134","5281790","8393","C10487",NA,"CC1C2C(CC3C4CCC5CC(OC6OC(CO)C(OC7OC(CO)C(O)C(O)C7OC7OC(CO)C(O)C(O)C7O)C(O)C6O)C(O)CC5(C)C4CCC23C)OC11CCC(C)CO1","1"
"6452133","NA","NA","NA","NA","NA","NA","NA","0"
"442420","Boschnialactone",NA,"442420",NA,NA,NA,NA,"1"
"10365832","NA","NA","NA","NA","NA","NA","NA","0"
"442988","NA","NA","NA","NA","NA","NA","NA","0"
"439227","L-Pipecolic acid","HMDB0000716","439227","30913","C00408","5684","OC(=O)[C@@H]1CCCCN1","1"
"440869","7-Hydroxy-6-methyl-8-(1-D-ribityl)lumazine",NA,"440869",NA,NA,NA,NA,"1"
"9294","Ephedrine","HMDB0015451","9294","15407","C01575",NA,"CN[C@@H](C)[C@H](O)C1=CC=CC=C1","1"
"442670","Cajanol","HMDB0033924","442670",NA,"C10204",NA,"COC1=CC(O)=C2C(=O)C(COC2=C1)C1=C(OC)C=C(O)C=C1","1"
"443489","NA","NA","NA","NA","NA","NA","NA","0"
"643731","Violet-leaf aldehyde","HMDB0033857","643731","7610","C08499",NA,"CC\C=C/CC\C=C\C=O","1"
"440728","19-Hydroxytestosterone","HMDB0006769","440728","27406","C05294",NA,"[H]C12CC[C@H](O)[C@@]1(C)CCC1([H])[C@@]2([H])CCC2=CC(=O)CC[C@]12CO","1"
"5280559","NA","NA","NA","NA","NA","NA","NA","0"
"440920","gamma-Glutamyl-beta-aminopropiononitrile","HMDB0060477","440920","28092","C06114",NA,"[H][C@](N)(CCC(O)=NCCC#N)C(O)=O","1"
"440138","5-exo-Hydroxy-1,2-campholide",NA,"440138",NA,NA,NA,NA,"1"
"644213","2-Chloro-5-nitro-N-phenylbenzamide","HMDB0252995","644213",NA,"C15627",NA,"[O-][N+](=O)C1=CC=C(Cl)C(=C1)C(=O)NC1=CC=CC=C1","1"
"10249","Nicotyrine","HMDB0255591","10249",NA,"C10161",NA,"CN1C=CC=C1C1=CN=CC=C1","1"
"11349616","Acetyl-maltose",NA,"11349616",NA,NA,NA,NA,"1"
"5280460","Scopoletin","HMDB0034344","5280460","17488","C01752",NA,"COC1=C(O)C=C2OC(=O)C=CC2=C1","1"
"51399546","NA","NA","NA","NA","NA","NA","NA","0"
"46093","Miotine",NA,"46093",NA,NA,NA,NA,"1"
"5610","Tyramine","HMDB0000306","5610","15760","C00483","60","NCCC1=CC=C(O)C=C1","1"
"16498","3-Isopropylcatechol",NA,"16498",NA,NA,NA,NA,"1"
"442586","Dasytrichone",NA,"442586","4327","C10035",NA,"CC1=C(O)c2c(oc(-c3ccccc3)cc2=O)C(C)(C)C1=O","1"
"11953814","Octanoylcarnitine","HMDB0000791","11953814","18102","C02838",NA,"CCCCCCCC(=O)O[C@H](CC(O)=O)C[N+](C)(C)C","1"
"6917","N-VINYL-2-PYRROLIDONE","HMDB0255245","6917",NA,"C19548",NA,"C=CN1CCCC1=O","1"
"2880","Croconazole",NA,"2880",NA,NA,NA,NA,"1"
"73323","Xanthylic acid","HMDB0001554","73323","15652","C00655",NA,"O[C@@H]1[C@@H](COP(O)(O)=O)O[C@H]([C@@H]1O)N1C=NC2=C1NC(=O)NC2=O","1"
"190","Adenine","HMDB0000034","190","16708","C00147","85","NC1=C2NC=NC2=NC=N1","1"
"155169","NA","NA","NA","NA","NA","NA","NA","0"
"135538","4-(Hydroxymethyl)phenylhydrazine",NA,"135538",NA,NA,NA,NA,"1"
"146903","NA","NA","NA","NA","NA","NA","NA","0"
"439556","NA","NA","NA","NA","NA","NA","NA","0"
"442642","Hygroline",NA,"442642",NA,NA,NA,NA,"1"
"442372","NA","NA","NA","NA","NA","NA","NA","0"
"6050","Glycerol tributanoate","HMDB0031094","6050","35020","C13870",NA,"CCCC(=O)OCC(COC(=O)CCC)OC(=O)CCC","1"
"442255","NA","NA","NA","NA","NA","NA","NA","0"
"7965","Cyclohexylamine","HMDB0031404","7965","15773","C00571",NA,"NC1CCCCC1","1"
"439274","Androst-4-en-3-one",NA,"439274",NA,NA,NA,NA,"1"
"22266653","NA","NA","NA","NA","NA","NA","NA","0"
"10786","2-Deoxy-D-ribose","HMDB0245099","10786","131350",NA,NA,"OCC(O)C(O)CC=O","1"
"182378","NA","NA","NA","NA","NA","NA","NA","0"
"201408","NA","NA","NA","NA","NA","NA","NA","0"
"6857424","NA","NA","NA","NA","NA","NA","NA","0"
"439383","NA","NA","NA","NA","NA","NA","NA","0"
"23724544","NA","NA","NA","NA","NA","NA","NA","0"
"5281637","Irisxanthone",NA,"5281637",NA,NA,NA,NA,"1"
"40087","NA","NA","NA","NA","NA","NA","NA","0"
"4055","Menadione","HMDB0001892","4055","28869","C05377","3910","CC1=CC(=O)C2=CC=CC=C2C1=O","1"
"36733","NA","NA","NA","NA","NA","NA","NA","0"
"161276","NA","NA","NA","NA","NA","NA","NA","0"
"74839","N-Acetyl-L-phenylalanine","HMDB0000512","74839","16259","C03519","5498","CC(=O)N[C@@H](CC1=CC=CC=C1)C(O)=O","1"
"442923","Paeonolide",NA,"442923",NA,NA,NA,NA,"1"
"11953939","Scorpioidin",NA,"11953939",NA,NA,NA,NA,"1"
"5284583","NA","NA","NA","NA","NA","NA","NA","0"
"34766","Ethiofencarb","HMDB0031782","34766","38483","C18649",NA,"CCSCC1=CC=CC=C1OC(O)=NC","1"
"68712","NA","NA","NA","NA","NA","NA","NA","0"
"20111686","Hesperetin 7-glucoside","HMDB0030747","20111686",NA,NA,NA,"COC1=C(O)C=C(C=C1)C1CC(=O)C2=C(O)C=C(OC3OC(CO)C(O)C(O)C3O)C=C2O1","1"
"24436","NA","NA","NA","NA","NA","NA","NA","0"
"43359","NA","NA","NA","NA","NA","NA","NA","0"
"127293","N-(3-oxo-octanoyl)-homoserine lactone",NA,"127293",NA,"C11841",NA,"CCCCCC(=O)CC(=O)N1CCOC1=O","1"
"1216","NA","NA","NA","NA","NA","NA","NA","0"
"27867","NA","NA","NA","NA","NA","NA","NA","0"
"159278","4-Hydroxyphenyl-2-ethylglucopyranoside",NA,"159278",NA,NA,NA,NA,"1"
"440936","Arbutin","HMDB0029943","440936","18305","C06186",NA,"OC[C@H]1O[C@@H](OC2=CC=C(O)C=C2)[C@H](O)[C@@H](O)[C@@H]1O","1"
"8550","Deserpidine","HMDB0015221","8550","27478","C06541",NA,"[H][C@]12C[C@@H](OC(=O)C3=CC(OC)=C(OC)C(OC)=C3)[C@H](OC)[C@@H](C(=O)OC)[C@@]1([H])C[C@@]1([H])N(CCC3=C1NC1=CC=CC=C31)C2","1"
"18503","1,5-Naphthalene diisocyanate","HMDB0244232","18503",NA,"C19464",NA,"O=C=NC1=CC=CC2=C1C=CC=C2N=C=O","1"
"72734288","NA","NA","NA","NA","NA","NA","NA","0"
"46174023","NA","NA","NA","NA","NA","NA","NA","0"
"114703","Encecalin",NA,"114703",NA,NA,NA,NA,"1"
"11782294","Bis-D-fructose 2',1:2,1'-dianhydride",NA,"11782294",NA,NA,NA,NA,"1"
"23724665","NA","NA","NA","NA","NA","NA","NA","0"
"134025","Sergeolide",NA,"134025",NA,NA,NA,NA,"1"
"14132344","1-O-Vanilloyl-beta-D-glucose",NA,"14132344",NA,NA,NA,NA,"1"
"1549103","NA","NA","NA","NA","NA","NA","NA","0"
"10400039","2-Hydroxyfelbamate","HMDB0060670","10400039",NA,"C16582",NA,"NC(=O)OCC(O)(COC(N)=O)C1=CC=CC=C1","1"
"439280","5-Hydroxy-L-tryptophan","HMDB0000472","439280","17780","C00643",NA,"N[C@@H](CC1=CNC2=C1C=C(O)C=C2)C(O)=O","1"
"1081","Citramalic acid","HMDB0000426","1081","15584","C00815","5415","CC(O)(CC(O)=O)C(O)=O","1"
"439646","NA","NA","NA","NA","NA","NA","NA","0"
"7102","4-Aminobiphenyl","HMDB0013195","7102","1784","C10998",NA,"NC1=CC=C(C=C1)C1=CC=CC=C1","1"
"70652","Tyrosine methylester","HMDB0029217","70652","17215","C03404",NA,"COC(=O)[C@@H](N)CC1=CC=C(O)C=C1","1"
"440073","Leucopelargonidin","HMDB0032322","440073","17343","C03648",NA,"O[C@H]1[C@@H](O)C2=C(O)C=C(O)C=C2O[C@@H]1C1=CC=C(O)C=C1","1"
"5879","Androsterone","HMDB0000031","5879","16032","C00523","2797","[H][C@@]12CCC(=O)[C@@]1(C)CC[C@@]1([H])[C@@]2([H])CC[C@@]2([H])C[C@H](O)CC[C@]12C","1"
"19069","NA","NA","NA","NA","NA","NA","NA","0"
"998","Phenylacetaldehyde","HMDB0006236","998","16424","C00601",NA,"O=CCC1=CC=CC=C1","1"
"442349","Centarol",NA,"442349",NA,NA,NA,NA,"1"
"440297","3,5-Dichloro-4-hydroxyphenylpyruvate",NA,"440297",NA,NA,NA,NA,"1"
"443631","4-Hydroxy-3-nitrosobenzamide",NA,"443631",NA,NA,NA,NA,"1"
"32253","NA","NA","NA","NA","NA","NA","NA","0"
"39","2-Dehydropantolactone",NA,"39",NA,NA,NA,NA,"1"
"440163","NA","NA","NA","NA","NA","NA","NA","0"
"5281778","Hellicoside",NA,"5281778",NA,NA,NA,NA,"1"
"51291","NA","NA","NA","NA","NA","NA","NA","0"
"5360043","NA","NA","NA","NA","NA","NA","NA","0"
"15604135","NA","NA","NA","NA","NA","NA","NA","0"
"16048618","NA","NA","NA","NA","NA","NA","NA","0"
"12035","Acetylcysteine","HMDB0001890","12035","28939","C06809","784","CC(=O)N[C@@H](CS)C(O)=O","1"
"5280378","Formononetin","HMDB0005808","5280378","18088","C00858",NA,"COC1=CC=C(C=C1)C1=COC2=C(C=CC(O)=C2)C1=O","1"
"443851","NA","NA","NA","NA","NA","NA","NA","0"
"33743","NA","NA","NA","NA","NA","NA","NA","0"
"442503","Acanthicifoline",NA,"442503",NA,NA,NA,NA,"1"
"6802","Guanosine","HMDB0000133","6802","16750","C00387","87","NC1=NC2=C(N=CN2[C@@H]2O[C@H](CO)[C@@H](O)[C@H]2O)C(=O)N1","1"
"8800","Lymecycline","HMDB0014401","8800","59040",NA,NA,"[H][C@@]12C[C@@]3([H])C(C(=O)C4=C(O)C=CC=C4[C@@]3(C)O)=C(O)[C@]1(O)C(=O)C(C(=O)NCNCCCC[C@H](N)C(O)=O)=C(O)[C@H]2N(C)C","1"
"6223","Gliotoxin","HMDB0252746","6223",NA,NA,NA,"CN1C(=O)C23CC4=CC=CC(O)C4N2C(=O)C1(CO)SS3","1"
"440898","4a-Methylzymosterol-4-carboxylic acid","HMDB0006927","440898","28038","C06050",NA,"C[C@@H](CCC=C(C)C)C1CCC2C3=C(CC[C@]12C)[C@@]1(C)CC[C@H](O)[C@](C)(C1CC3)C(O)=O","1"
"487","Methylmalonic acid","HMDB0000202","487","30860","C02170","3712","CC(C(O)=O)C(O)=O","1"
"112203","NA","NA","NA","NA","NA","NA","NA","0"
"656765","DCEBIO",NA,"656765",NA,NA,NA,NA,"1"
"6558","2-Methyl-1-propylamine","HMDB0034198","6558","15997","C02787",NA,"CC(C)CN","1"
"439316","Dopaquinone","HMDB0001229","439316","16852","C00822","354","N[C@@H](CC1=CC(=O)C(=O)C=C1)C(O)=O","1"
"5282054","Cerulenin","HMDB0015168","5282054","171741","C12058",NA,"CC=CCC=CCCC(=O)[C@H]1O[C@H]1C(N)=O","1"
"93341","NA","NA","NA","NA","NA","NA","NA","0"
"5280648","NA","NA","NA","NA","NA","NA","NA","0"
"5281888","NA","NA","NA","NA","NA","NA","NA","0"
"19493","NA","NA","NA","NA","NA","NA","NA","0"
"439356","NA","NA","NA","NA","NA","NA","NA","0"
"24892745","NA","NA","NA","NA","NA","NA","NA","0"
"69698","Nudifloramide","HMDB0004193","69698","27410","C05842","7025","CN1C=C(C=CC1=O)C(N)=O","1"
"439774","NA","NA","NA","NA","NA","NA","NA","0"
"13542","N-Nitrosodibutylamine","HMDB0255202","13542",NA,"C19277",NA,"CCCCN(CCCC)N=O","1"
"25447","NA","NA","NA","NA","NA","NA","NA","0"
"27476","1-Methyladenosine","HMDB0003331","27476","16020","C02494","6888","CN1C=NC2=C(N=CN2[C@@H]2O[C@H](CO)[C@@H](O)[C@H]2O)C1=N","1"
"36294","Tobramycin","HMDB0014822","36294","28864","C00397",NA,"NC[C@H]1O[C@H](O[C@@H]2[C@@H](N)C[C@@H](N)[C@H](O[C@H]3O[C@H](CO)[C@@H](O)[C@H](N)[C@H]3O)[C@H]2O)[C@H](N)C[C@@H]1O","1"
"94176","NA","NA","NA","NA","NA","NA","NA","0"
"76292","3-Methylguanine","HMDB0001566","76292","27564","C02230",NA,"CN1C2=C(NC=N2)C(=O)N=C1N","1"
"1662","3-Hydroxymethylglutaric acid","HMDB0000355","1662","16831","C03761","5344","CC(O)(CC(O)=O)CC(O)=O","1"
"5280598","2-trans,6-trans-Farnesal","HMDB0060356","5280598","15894","C03461",NA,"CC(C)=CCC\C(C)=C\CC\C(C)=C\C=O","1"
"5462190","1,2-Dihydroxy-3-keto-5-methylthiopentene","HMDB0012134","5462190","49252","C15606",NA,"CSCCC(=O)C(\O)=C\O","1"
"38521","Guanadrel","HMDB0014371","38521","5555","C07035",NA,"NC(N)=NCC1COC2(CCCCC2)O1","1"
"171","7-Aminomethyl-7-carbaguanine","HMDB0011690","171","45126","C16675",NA,"NCC1=CNC2=C1C(=O)NC(N)=N2","1"
"441328","NA","NA","NA","NA","NA","NA","NA","0"
"10935","Maleimide","HMDB0254312","10935","16072","C07272",NA,"OC1=NC(=O)C=C1","1"
"442632","gamma-Coniceine",NA,"442632",NA,NA,NA,NA,"1"
"441860","Helveticoside",NA,"441860",NA,NA,NA,NA,"1"
"44123380","NA","NA","NA","NA","NA","NA","NA","0"
"6088","N-Methyltryptamine","HMDB0004370","6088","28136","C06213","7057","CNCCC1=CNC2=CC=CC=C12","1"
"12491370","Ectocarpen",NA,"12491370",NA,NA,NA,NA,"1"
"453619","N-Sulfo-glucosamine",NA,"453619",NA,NA,NA,NA,"1"
"14621415","NA","NA","NA","NA","NA","NA","NA","0"
"18752","NA","NA","NA","NA","NA","NA","NA","0"
"7809","p-Xylene","HMDB0059924","7809","27417","C06756",NA,"CC1=CC=C(C)C=C1","1"
"22819","Indan-1-ol","HMDB0059601","22819","16697","C01710",NA,"OC1CCC2=CC=CC=C12","1"
"440004","N(6),N(6)-Dimethyladenosine",NA,"440004",NA,NA,NA,NA,"1"
"14210","Omethoate",NA,"14210",NA,NA,NA,NA,"1"
"15546","NA","NA","NA","NA","NA","NA","NA","0"
"62348","4-Hydroxy-3-methoxybenzenemethanol","HMDB0032012","62348","18353","C06317",NA,"COC1=C(O)C=CC(CO)=C1","1"
"440333","NA","NA","NA","NA","NA","NA","NA","0"
"5281867","Savinin",NA,"5281867",NA,NA,NA,NA,"1"
"5282109","(E)-3,7-Dimethyl-2,6-octadienyl formate",NA,"5282109","31648","C12294",NA,"CC(C)=CCC/C(C)=C/COC=O","1"
"439176","5'-Methylthioadenosine","HMDB0001173","439176","17509","C00170","3425","CSC[C@H]1O[C@H]([C@H](O)[C@@H]1O)N1C=NC2=C1N=CN=C2N","1"
"5282156","Kaempferol 3-sophorotrioside","HMDB0032008","5282156","31744","C12635",NA,"OC[C@H]1O[C@@H](O[C@@H]2[C@@H](O)[C@H](O)[C@@H](CO)O[C@H]2O[C@@H]2[C@@H](O)[C@H](O)[C@@H](CO)O[C@H]2OC2=C(OC3=CC(O)=CC(O)=C3C2=O)C2=CC=C(O)C=C2)[C@H](O)[C@@H](O)[C@@H]1O","1"
"1188","Xanthine","HMDB0000292","1188","17712","C00385","82","O=C1NC2=C(NC=N2)C(=O)N1","1"
"155942","8-Epiiridotrial glucoside",NA,"155942","2320","C11652",NA,"C1CC2C(C=O)=CO(O3O(CO)(O)(O)3O)21","1"
"440395","NA","NA","NA","NA","NA","NA","NA","0"
"46174014","NA","NA","NA","NA","NA","NA","NA","0"
"48","2-Keto-glutaramic acid","HMDB0001552","48","30882","C00940","6318","NC(=O)CCC(=O)C(O)=O","1"
"162933","(6aR,11aR)-3,9-Dihydroxypterocarpan",NA,"162933",NA,NA,NA,NA,"1"
"4784","NA","NA","NA","NA","NA","NA","NA","0"
"119521","1,1-Dichloroethylene epoxide","HMDB0060333","119521",NA,"C14857",NA,"ClC1(Cl)CO1","1"
"83833","NA","NA","NA","NA","NA","NA","NA","0"
"7653","Dibenzyl succinate",NA,"7653",NA,NA,NA,NA,"1"
"66065","NA","NA","NA","NA","NA","NA","NA","0"
"997","Phenylpyruvic acid","HMDB0000205","997","30851","C00166","328","OC(=O)C(=O)CC1=CC=CC=C1","1"
"439351","3-Dehydroquinic acid","HMDB0012710","439351","17947","C00944",NA,"O[C@@H]1C[C@@](O)(CC(=O)[C@H]1O)C(O)=O","1"
"12377","Dipropyl disulfide","HMDB0031472","12377","45758","C08373",NA,"CCCSSCCC","1"
"1826","5-Hydroxyindoleacetic acid","HMDB0000763","1826","27823","C05635","2975","OC(=O)CC1=CNC2=C1C=C(O)C=C2","1"
"3317081","(2R,3S)-Epoxiconazole","HMDB0242676","3317081","83758",NA,NA,"FC1=CC=C(C=C1)C1(CN2C=NC=N2)OC1C1=CC=CC=C1Cl","1"
"181804","Heterodendrin",NA,"181804",NA,NA,NA,NA,"1"
"5280647","Gossypetin",NA,"5280647","16400","C04109",NA,"O=c1c(O)c(-c2ccc(O)c(O)c2)oc2c(O)c(O)cc(O)c12","1"
"681","Dopamine","HMDB0000073","681","18243","C03758","64","NCCC1=CC(O)=C(O)C=C1","1"
"2486","Listomin S",NA,"2486",NA,NA,NA,NA,"1"
"5111791","NA","NA","NA","NA","NA","NA","NA","0"
"6337945","NA","NA","NA","NA","NA","NA","NA","0"
"71448932","NA","NA","NA","NA","NA","NA","NA","0"
"3347","Fenvalerate","HMDB0031791","3347","5014","C10988",NA,"CC(C)C(C(=O)OC(C#N)C1=CC(OC2=CC=CC=C2)=CC=C1)C1=CC=C(Cl)C=C1","1"
"439541","2-Amino-AMP",NA,"439541",NA,NA,NA,NA,"1"
"4737","Pentobarbital","HMDB0014457","4737","7983","C07422",NA,"CCCC(C)C1(CC)C(=O)NC(=O)NC1=O","1"
"439155","S-Adenosylhomocysteine","HMDB0000939","439155","16680","C00021","296","N[C@@H](CCSC[C@H]1O[C@H]([C@H](O)[C@@H]1O)N1C=NC2=C1N=CN=C2N)C(O)=O","1"
"13711","Deoxycytidine","HMDB0000014","13711","15698","C00881","3367","NC1=NC(=O)N(C=C1)[C@H]1C[C@H](O)[C@@H](CO)O1","1"
"58","2-Ketobutyric acid","HMDB0000005","58","30831","C00109",NA,"CCC(=O)C(O)=O","1"
"102336","Phenyl-beta-D-galactoside",NA,"102336",NA,NA,NA,NA,"1"
"151483","N-(2,3-Dihydroxybenzoyl)-L-serine",NA,"151483",NA,NA,NA,NA,"1"
"69520","3-Methylhistamine","HMDB0001861","69520","114444",NA,"6355","CN1C=NC=C1CCN","1"
"440051","NA","NA","NA","NA","NA","NA","NA","0"
"65086","Angustmycin C",NA,"65086",NA,NA,NA,NA,"1"
"442263","NA","NA","NA","NA","NA","NA","NA","0"
"441300","Abacavir","HMDB0015182","441300","421707","C07624",NA,"NC1=NC2=C(N=CN2[C@@H]2C[C@H](CO)C=C2)C(NC2CC2)=N1","1"
"87691","NA","NA","NA","NA","NA","NA","NA","0"
"352294","NA","NA","NA","NA","NA","NA","NA","0"
"6406","Acetone cyanohydrin","HMDB0060427","6406","15348","C02659",NA,"CC(C)(O)C#N","1"
"440046","1-Pyrroline-2-carboxylic acid","HMDB0006875","440046","36761","C03564",NA,"OC(=O)C1=NCCC1","1"
"442357","Cuauhtemone",NA,"442357",NA,NA,NA,NA,"1"
"5281162","Ethyl 2Z,4E-decadienoic acid","HMDB0036599","5281162","4896","C08486",NA,"CCCCC\C=C/C=C/C(=O)OCC","1"
"442789","Furcatin",NA,"442789",NA,NA,NA,NA,"1"
"86210","NA","NA","NA","NA","NA","NA","NA","0"
"228215","NA","NA","NA","NA","NA","NA","NA","0"
"12580","4-Propylphenol","HMDB0032625","12580",NA,"C14311",NA,"CCCC1=CC=C(O)C=C1","1"
"6438394","myriocin",NA,"6438394","582124",NA,NA,"CCCCCCC(=O)CCCCCC/C=C/C(O)(O)(N)(CO)C(=O)O","1"
"2358","2,4-Dihydroxy-7-methoxy-2H-1,4-benzoxazin-3(4H)-one","HMDB0034864","2358","18048","C04720",NA,"COC1=CC2=C(C=C1)N(O)C(=O)C(O)O2","1"
"25246415","NA","NA","NA","NA","NA","NA","NA","0"
"127","p-Hydroxyphenylacetic acid","HMDB0000020","127","18101","C00642","130","OC(=O)CC1=CC=C(O)C=C1","1"
"11954176","NA","NA","NA","NA","NA","NA","NA","0"
"774","Histamine","HMDB0000870","774","18295","C00388","68","NCCC1=CNC=N1","1"
"1045","Putrescine","HMDB0001414","1045","17148","C00134","3226","NCCCCN","1"
"107864","HC toxin",NA,"107864",NA,NA,NA,NA,"1"
"54675827","NA","NA","NA","NA","NA","NA","NA","0"
"1102","Spermidine","HMDB0001257","1102","16610","C00315","254","NCCCCNCCCN","1"
"5315669","NA","NA","NA","NA","NA","NA","NA","0"
"9750","Citrulline","HMDB0000904","9750","16349","C00327","16","N[C@@H](CCCNC(N)=O)C(O)=O","1"
"558","2-Oxoarginine","HMDB0004225","558","28116","C03771","7030","NC(N)=NCCCC(=O)C(O)=O","1"
"18096","NA","NA","NA","NA","NA","NA","NA","0"
"439472","NA","NA","NA","NA","NA","NA","NA","0"
"8158","Pelargonic acid","HMDB0000847","8158","29019","C01601","5810","CCCCCCCCC(O)=O","1"
"4970","Protopine","HMDB0003920","4970","16415","C05189","6988","CN1CCC2=C(C=C3OCOC3=C2)C(=O)CC2=C(C1)C1=C(OCO1)C=C2","1"
"1549095","Coniferyl alcohol","HMDB0012915","1549095","17745","C00590",NA,"COC1=C(O)C=CC(\C=C\CO)=C1","1"
"442854","Elaeocarpine",NA,"442854",NA,NA,NA,NA,"1"
"46173889","NA","NA","NA","NA","NA","NA","NA","0"
"114833","Androsterone glucuronide","HMDB0002829","114833","28832","C11135","2796","[H][C@@]12CCC(=O)[C@@]1(C)CC[C@@]1([H])[C@@]2([H])CC[C@@]2([H])C[C@@H](CC[C@]12C)O[C@@H]1O[C@@H]([C@@H](O)[C@H](O)[C@H]1O)C(O)=O","1"
"439182","5'-Deoxyadenosine","HMDB0001983","439182","17319","C05198",NA,"C[C@H]1O[C@H]([C@H](O)[C@@H]1O)N1C=NC2=C(N)N=CN=C12","1"
"24705","Octamethyltrisiloxane",NA,"24705",NA,NA,NA,NA,"1"
"18189","4-Acetamidobutanoic acid","HMDB0003681","18189","17645","C02946",NA,"CC(=O)NCCCC(O)=O","1"
"83852","NA","NA","NA","NA","NA","NA","NA","0"
"46878410","NA","NA","NA","NA","NA","NA","NA","0"
"24798720","NA","NA","NA","NA","NA","NA","NA","0"
"3341","Fenoldopam","HMDB0014938","3341","5002","C07693",NA,"OC1=CC=C(C=C1)C1CNCCC2=C(Cl)C(O)=C(O)C=C12","1"
"86","3-Hydroxyanthranilic acid","HMDB0001476","86","15793","C00632","3275","NC1=C(O)C=CC=C1C(O)=O","1"
"13462","NA","NA","NA","NA","NA","NA","NA","0"
"12736","Dodecanedioic acid","HMDB0000623","12736","4676","C02678","5596","OC(=O)CCCCCCCCCCC(O)=O","1"
"65065","N-Acetyl-L-aspartic acid","HMDB0000812","65065","21547","C01042","5776","CC(=O)N[C@@H](CC(O)=O)C(O)=O","1"
"802","Indoleacetic acid","HMDB0000197","802","16411","C00954","5211","OC(=O)CC1=CNC2=C1C=CC=C2","1"
"24141","N-Nitrosoproline","HMDB0041946","24141",NA,"C19485",NA,"OC(=O)C1CCCN1N=O","1"
"166768","NA","NA","NA","NA","NA","NA","NA","0"
"16126799","NA","NA","NA","NA","NA","NA","NA","0"
"9576037","NA","NA","NA","NA","NA","NA","NA","0"
"442799","NA","NA","NA","NA","NA","NA","NA","0"
"5281601","Apigenin 7,4'-dimethyl ether","HMDB0132454","5281601","2769","C10019",NA,"COC1=CC=C(C=C1)C1=CC(=O)C2=C(O)C=C(OC)C=C2O1","1"
"440020","NA","NA","NA","NA","NA","NA","NA","0"
"71","Oxoadipic acid","HMDB0000225","71","15753","C00322","5234","OC(=O)CCCC(=O)C(O)=O","1"
"46173868","Indole-3-acetaldoxime N-oxide",NA,"46173868",NA,NA,NA,NA,"1"
"780","Homogentisic acid","HMDB0000130","780","44747","C00544","331","OC(=O)CC1=C(O)C=CC(O)=C1","1"
"5910","Pilocarpine","HMDB0015217","5910","8207","C07474",NA,"CC[C@H]1[C@@H](CC2=CN=CN2C)COC1=O","1"
"188803","N-Acetylaspartylglutamic acid","HMDB0001067","188803","73688","C12270",NA,"CC(=O)N[C@@H](CC(O)=O)C(=O)N[C@@H](CCC(O)=O)C(O)=O","1"
"73413","NA","NA","NA","NA","NA","NA","NA","0"
"6991994","NA","NA","NA","NA","NA","NA","NA","0"
"979","4-Hydroxyphenylpyruvic acid","HMDB0000707","979","15999","C01179","5675","OC(=O)C(=O)CC1=CC=C(O)C=C1","1"
"198695","NA","NA","NA","NA","NA","NA","NA","0"
"23724749","N(6)-(Dimethylallyl)adenosine 5'-diphosphate",NA,"23724749",NA,NA,NA,NA,"1"
"11948668","NA","NA","NA","NA","NA","NA","NA","0"
"135313","alpha-Guanidinoglutaric acid","HMDB0341287","135313",NA,NA,NA,"NC(=N)NC(CCC(O)=O)C(O)=O","1"
"3082376","Tauropine",NA,"3082376",NA,NA,NA,NA,"1"
"150946","3-Methyleneoxindole",NA,"150946",NA,NA,NA,NA,"1"
"19734156","NA","NA","NA","NA","NA","NA","NA","0"
"1673","3-Methyladenine","HMDB0011600","1673","38635","C00913",NA,"CN1C=NC(N)=C2N=CN=C12","1"
"128888","N(6)-Acetyl-N(6)-hydroxy-lysine",NA,"128888",NA,NA,NA,NA,"1"
"19034555","NA","NA","NA","NA","NA","NA","NA","0"
"3342","Fenoprofen","HMDB0014713","3342","5004","C06997",NA,"CC(C(O)=O)C1=CC(OC2=CC=CC=C2)=CC=C1","1"
"5280666","Chrysoeriol","HMDB0030667","5280666","16514","C04293",NA,"COC1=C(O)C=CC(=C1)C1=CC(=O)C2=C(O)C=C(O)C=C2O1","1"
"5280462","(6S,9R)-Vomifoliol",NA,"5280462",NA,NA,NA,NA,"1"
"10753985","NA","NA","NA","NA","NA","NA","NA","0"
"35717","NA","NA","NA","NA","NA","NA","NA","0"
"5936","Isoflurophate","HMDB0014815","5936","17941","C00202",NA,"CC(C)OP(F)(=O)OC(C)C","1"
"27689","NA","NA","NA","NA","NA","NA","NA","0"
"7405","Pyroglutamic acid","HMDB0000267","7405","18183","C01879","3251","OC(=O)[C@@H]1CCC(=O)N1","1"
"15459","Metaxalone","HMDB0014798","15459","711679","C07934",NA,"CC1=CC(OCC2CNC(=O)O2)=CC(C)=C1","1"
"5281776","Grandidentatin",NA,"5281776",NA,NA,NA,NA,"1"
"936","Niacinamide","HMDB0001406","936","17154","C00153","1497","NC(=O)C1=CC=CN=C1","1"
"3794534","NA","NA","NA","NA","NA","NA","NA","0"
"5378303","NA","NA","NA","NA","NA","NA","NA","0"
"5280933","gamma-Linolenic acid","HMDB0003073","5280933","28661","C06426","386","CCCCC\C=C/C\C=C/C\C=C/CCCCC(O)=O","1"
"5281293","Cephalocerone",NA,"5281293","1749","C08722",NA,"O=C1/C(=C/c2ccccc2)Oc2cc(O)c3c(c21)OCO3","1"
"442611","NA","NA","NA","NA","NA","NA","NA","0"
"8461","2,4-Dinitrotoluene","HMDB0245464","8461","920","C11006",NA,"CC1=CC=C(C=C1[N+]([O-])=O)[N+]([O-])=O","1"
"444539","trans-Cinnamic acid","HMDB0000930","444539","35697","C10438","5880","OC(=O)\C=C\C1=CC=CC=C1","1"
"10250","Lumazine","HMDB0254198","10250","16489","C03212",NA,"O=C1NC(=O)C2=NC=CNC2=N1","1"
"443080","NA","NA","NA","NA","NA","NA","NA","0"
"10313378","NA","NA","NA","NA","NA","NA","NA","0"
"235905","Allylestrenol","HMDB0015500","235905",NA,"C12811",NA,"[H][C@@]12CC[C@@](O)(CC=C)[C@@]1(C)CC[C@]1([H])[C@@]3([H])CCCC=C3CC[C@@]21[H]","1"
"65040","5-Methylcytosine","HMDB0002894","65040","27551","C02376","3247","CC1=C(N)NC(=O)N=C1","1"
"15096","NA","NA","NA","NA","NA","NA","NA","0"
"8530","Naphthoquinone",NA,"8530",NA,NA,NA,NA,"1"
"123985","E64",NA,"123985",NA,NA,NA,NA,"1"
"1131","Thiamine monophosphate","HMDB0002666","1131","9533","C01081","3488","CC1=C(CCOP(O)(O)=O)SC=[N+]1CC1=CN=C(C)N=C1N","1"
"440055","NA","NA","NA","NA","NA","NA","NA","0"
"1493","2,4-Dinitrophenol","HMDB0245462","1493","42017","C02496",NA,"OC1=CC=C(C=C1[N+]([O-])=O)[N+]([O-])=O","1"
"54683777","NA","NA","NA","NA","NA","NA","NA","0"
"100275","Cibarian",NA,"100275",NA,NA,NA,NA,"1"
"5202","Serotonin","HMDB0000259","5202","28790","C00780","74","NCCC1=CNC2=C1C=C(O)C=C2","1"
"60961","Adenosine","HMDB0000050","60961","16335","C00212","86","NC1=C2N=CN([C@@H]3O[C@H](CO)[C@@H](O)[C@H]3O)C2=NC=N1","1"
"63224","Febrifugine",NA,"63224",NA,NA,NA,NA,"1"
"13712","Deoxyuridine","HMDB0000012","13712","16450","C00526","5086","OC[C@H]1O[C@H](C[C@@H]1O)N1C=CC(=O)NC1=O","1"
"5281524","Laserpitin",NA,"5281524",NA,NA,NA,NA,"1"
"1021","Porphobilinogen","HMDB0000245","1021","17381","C00931","76","NCC1=C(CC(O)=O)C(CCC(O)=O)=CN1","1"
"31477","Metipranolol","HMDB0015345","31477","6897","C07915",NA,"CC(C)NCC(O)COC1=C(C)C(C)=C(OC(C)=O)C(C)=C1","1"
"439790","N-methyl hexanamide",NA,"439790","15860","C02722",NA,"CCCCCC(=O)NC","1"
"5960","L-Aspartic acid","HMDB0000191","5960","17053","C00049","5206","N[C@@H](CC(O)=O)C(O)=O","1"
"122087","NA","NA","NA","NA","NA","NA","NA","0"
"2236","Aristolochic acid","HMDB0248598","2236","2825","C08469",NA,"COC1=CC=CC2=C3C4=C(OCO4)C=C(C(O)=O)C3=C(C=C12)N(=O)=O","1"
"594","DL-Cysteine","HMDB0251515","594","15356","C00736",NA,"NC(CS)C(O)=O","1"
"445027","Dethiobiotin","HMDB0003581","445027","42280","C01909","3351","C[C@@H]1NC(=O)N[C@@H]1CCCCCC(O)=O","1"
"1123","Taurine","HMDB0000251","1123","15891","C00245","31","NCCS(O)(=O)=O","1"
"151244","alpha-Fluoro-beta-ureidopropionic acid","HMDB0060435","151244","80625","C16631",NA,"OC(=N)NCC(F)C(O)=O","1"
"81437","3-Methoxybenzyl alcohol",NA,"81437",NA,NA,NA,NA,"1"
"73000","Pterin","HMDB0000802","73000","18265","C00715","5766","NC1=NC2=NC=CN=C2C(=O)N1","1"
"443231","2-Oxopropyl-CoM",NA,"443231",NA,NA,NA,NA,"1"
"1786","WIN VI",NA,"1786",NA,NA,NA,NA,"1"
"447083","NA","NA","NA","NA","NA","NA","NA","0"
"4195","Midodrine","HMDB0014356","4195","6933","C07890",NA,"COC1=CC(C(O)CNC(=O)CN)=C(OC)C=C1","1"
"4076","NA","NA","NA","NA","NA","NA","NA","0"
"441155","NA","NA","NA","NA","NA","NA","NA","0"
"11132470","NA","NA","NA","NA","NA","NA","NA","0"
"439780","NA","NA","NA","NA","NA","NA","NA","0"
"1145","Trimethylamine N-oxide","HMDB0000925","1145","15724","C01104","5876","C[N+](C)(C)[O-]","1"
"61899","NA","NA","NA","NA","NA","NA","NA","0"
"10522005","NA","NA","NA","NA","NA","NA","NA","0"
"10559369","O-Acetyltropine",NA,"10559369",NA,NA,NA,NA,"1"
"439338","NA","NA","NA","NA","NA","NA","NA","0"
"7127","Methyleugenol","HMDB0031864","7127","4918","C10454",NA,"COC1=C(OC)C=C(CC=C)C=C1","1"
"6175","Cytidine","HMDB0000089","6175","17562","C00475","3376","NC1=NC(=O)N(C=C1)[C@@H]1O[C@H](CO)[C@@H](O)[C@H]1O","1"
"3042313","NA","NA","NA","NA","NA","NA","NA","0"
"93072","Ureidosuccinic acid","HMDB0000828","93072","15859","C00438","5791","NC(=O)N[C@@H](CC(O)=O)C(O)=O","1"
"5479537","Cefepime","HMDB0015483","5479537","478164","C08111",NA,"CO\N=C(/C(=O)N[C@@H]1C(=O)N2[C@]1([H])SCC(C[N+]1(C)CCCC1)=C2C([O-])=O)C1=CSC(N)=N1","1"
"23663972","NA","NA","NA","NA","NA","NA","NA","0"
"445395","FMNH2","HMDB0001142","445395","16048","C01847","6034","CC1=CC2=C(C=C1C)N(C[C@H](O)[C@H](O)[C@H](O)COP(O)(O)=O)C1=C(N2)C(=O)NC(=O)N1","1"
"161166","Kynurenine","HMDB0000684","161166","16946","C00328","72","N[C@@H](CC(=O)C1=CC=CC=C1N)C(O)=O","1"
"54726727","NA","NA","NA","NA","NA","NA","NA","0"
"192833","NA","NA","NA","NA","NA","NA","NA","0"
"117","NA","NA","NA","NA","NA","NA","NA","0"
"21872870","NA","NA","NA","NA","NA","NA","NA","0"
"7408","1-Phenylethylamine","HMDB0002017","7408","670","C02455","3246","CC(N)C1=CC=CC=C1","1"
"84298","Asperuloside",NA,"84298",NA,NA,NA,NA,"1"
"441744","Lindheimerine",NA,"441744",NA,NA,NA,NA,"1"
"5280443","Apigenin","HMDB0002124","5280443","18388","C01477","3397","OC1=CC=C(C=C1)C1=CC(=O)C2=C(O)C=C(O)C=C2O1","1"
"439788","NA","NA","NA","NA","NA","NA","NA","0"
"65958","Balofloxacin","HMDB0248853","65958",NA,NA,NA,"CNC1CCCN(C1)C1=C(F)C=C2C(=O)C(=CN(C3CC3)C2=C1OC)C(O)=O","1"
"9570206","NA","NA","NA","NA","NA","NA","NA","0"
"6211","Barbituric acid","HMDB0041833","6211","16294","C00813",NA,"OC1=NC(=O)N=C(O)C1","1"
"6163","Diethyl sulfate","HMDB0251240","6163",NA,"C14706",NA,"CCOS(=O)(=O)OCC","1"
"93225","NA","NA","NA","NA","NA","NA","NA","0"
"4583","Ofloxacin","HMDB0015296","4583","7731","C07321",NA,"CC1COC2=C3N1C=C(C(O)=O)C(=O)C3=CC(F)=C2N1CCN(C)CC1","1"
"4845","Pirbuterol","HMDB0015407","4845","724172","C07807",NA,"CC(C)(C)NCC(O)C1=NC(CO)=C(O)C=C1","1"
"4735","Pentamidine","HMDB0014876","4735","45081","C07420",NA,"NC(=N)C1=CC=C(OCCCCCOC2=CC=C(C=C2)C(N)=N)C=C1","1"
"10666","Ricinine","HMDB0042006","10666","18043","C01526",NA,"COC1=C(C#N)C(=O)N(C)C=C1","1"
"25137931","Dehypoxanthine futalosine",NA,"25137931",NA,"C17010",NA,NA,"1"
"5280372","Coniferin","HMDB0013682","5280372","16220","C00761",NA,"COC1=C(O[C@@H]2O[C@H](CO)[C@@H](O)[C@H](O)[C@H]2O)C=CC(\C=C\CO)=C1","1"
"5280719","15-Keto-prostaglandin E2","HMDB0003175","5280719","15547","C04707","2309","CCCCCC(=O)\C=C\[C@H]1[C@H](O)CC(=O)[C@@H]1C\C=C/CCCC(O)=O","1"
"440784","Urobilinogen","HMDB0004158","440784","4260","C05791","7021","CCC1=C(C)C(=O)NC1CC1=C(C)C(CCC(O)=O)=C(CC2=C(CCC(O)=O)C(C)=C(CC3NC(=O)C(C=C)=C3C)N2)N1","1"
"129803","4alpha-hydroxy-tetrahydrobiopterin","HMDB0304198","129803","15374",NA,NA,"CC(O)C(O)C1CNC2=NC(N)=NC(=O)C2(O)N1","1"
"107849","NA","NA","NA","NA","NA","NA","NA","0"
"5282108","alpha-Ionone","HMDB0059883","5282108","32319","C12286",NA,"CC(=O)\C=C\C1C(C)=CCCC1(C)C","1"
"439605","Lysinamide",NA,"439605",NA,NA,NA,NA,"1"
"3100","Diphenhydramine","HMDB0001927","3100","4636","C06960","2312","CN(C)CCOC(C1=CC=CC=C1)C1=CC=CC=C1","1"
"442180","Berberastine",NA,"442180",NA,NA,NA,NA,"1"
"6914273","Dantrolene","HMDB0015350","6914273","4317","C06939",NA,"[O-][N+](=O)C1=CC=C(C=C1)C1=CC=C(O1)C=NN1CC(=O)NC1=O","1"
"4033","Mechlorethamine","HMDB0015025","4033","28925","C07115",NA,"CN(CCCl)CCCl","1"
"126041","NA","NA","NA","NA","NA","NA","NA","0"
"656816","C16 Sphinganine",NA,"656816","71050","C13915",NA,"CCCCCCCCCCCCC(O)(N)CO","1"
"24883456","NA","NA","NA","NA","NA","NA","NA","0"
"448580","N-Acetyl-L-methionine","HMDB0011745","448580","21557","C02712",NA,"CSCC[C@H](NC(C)=O)C(O)=O","1"
"92136","Aminoadipic acid","HMDB0000510","92136","37023","C00956","5496","N[C@@H](CCCC(O)=O)C(O)=O","1"
"1076","S-Acetyldihydrolipoamide","HMDB0001526","1076","16807","C01136","6299","CC(=O)SC(CCS)CCCCC(N)=O","1"
"5281207","Muscaaurin VII",NA,"5281207",NA,NA,NA,NA,"1"
"29393","Oryzalin",NA,"29393",NA,NA,NA,NA,"1"
"441151","1,2-Dihydroxydibenzothiophene",NA,"441151",NA,NA,NA,NA,"1"
"98222","NA","NA","NA","NA","NA","NA","NA","0"
"132680","N1,N12-Diacetylspermine","HMDB0002172","132680","28101","C03413","6525","CC(=O)NCCCNCCCCNCCCNC(C)=O","1"
"11318","Naphthalene-1,2-diol","HMDB0060497","11318","17435","C03012",NA,"OC1=CC=C2C=CC=CC2=C1O","1"
"99613","Lecanoric acid",NA,"99613","15871","C02868",NA,"Cc1cc(OC(=O)c2c(C)cc(O)cc2O)cc(O)c1C(=O)O","1"
"89","Hydroxykynurenine","HMDB0000732","89","1547","C02794","5700","NC(CC(=O)C1=C(N)C(O)=CC=C1)C(O)=O","1"
"46173963","NA","NA","NA","NA","NA","NA","NA","0"
"7784","Dibutyl adipate","HMDB0251172","7784",NA,"C14253",NA,"CCCCOC(=O)CCCCC(=O)OCCCC","1"
"25010757","NA","NA","NA","NA","NA","NA","NA","0"
"440569","Imidazoleacetic acid riboside","HMDB0002331","440569",NA,"C05131","6626","OC[C@H]1O[C@H]([C@H](O)[C@@H]1O)N1C=NC(CC(O)=O)=C1","1"
"70914","N-Acetyl-L-glutamic acid","HMDB0001138","70914","17533","C00624","6031","CC(=O)N[C@@H](CCC(O)=O)C(O)=O","1"
"5459971","NA","NA","NA","NA","NA","NA","NA","0"
"3721046","6-Cyano-7-nitroquinoxaline-2,3-dione","HMDB0250384","3721046",NA,"C13668",NA,"[O-][N+](=O)C1=CC2=C(NC(=O)C(=O)N2)C=C1C#N","1"
"5280883","Prostaglandin G2","HMDB0003235","5280883","27647","C05956","3508","[H][C@@](CCCCC)(OO)\C=C\[C@@]1([H])[C@@]2([H])C[C@]([H])(OO2)[C@]1([H])C\C=C/CCCC(O)=O","1"
"443388","NA","NA","NA","NA","NA","NA","NA","0"
"5460588","L-Cladinose",NA,"5460588",NA,NA,NA,NA,"1"
"443418","Demethylalangiside",NA,"443418",NA,NA,NA,NA,"1"
"6140","Phenylalanine","HMDB0000159","6140","17295","C00079","28","N[C@@H](CC1=CC=CC=C1)C(O)=O","1"
"68257","NA","NA","NA","NA","NA","NA","NA","0"
"54675759","NA","NA","NA","NA","NA","NA","NA","0"
"6137","Methionine","HMDB0000696","6137","16643","C00073","5664","CSCC[C@H](N)C(O)=O","1"
"5459937","NA","NA","NA","NA","NA","NA","NA","0"
"9198","NA","NA","NA","NA","NA","NA","NA","0"
"5462416","NA","NA","NA","NA","NA","NA","NA","0"
"107541","4-Oxo-proline",NA,"107541",NA,NA,NA,NA,"1"
"11128","Linamarin","HMDB0033699","11128","16441","C01594",NA,"[H][C@]1(O)[C@]([H])(O)[C@@]([H])(CO)O[C@@]([H])(OC(C)(C)C#N)[C@]1([H])O","1"
"439852","(3S,4R)-3,4,5-Trihydroxy-2-keto-valeric acid",NA,"439852",NA,NA,NA,NA,"1"
"5461147","N,N-Dihydroxy-tyrosine",NA,"5461147",NA,NA,NA,NA,"1"
"6930705","NA","NA","NA","NA","NA","NA","NA","0"
"5459789","(1S,2R)-3-Phenylcyclohexa-3,5-diene-1,2-diol",NA,"5459789",NA,NA,NA,NA,"1"
"4755","NA","NA","NA","NA","NA","NA","NA","0"
"3690","Ifosfamide","HMDB0015312","3690","5864","C07047",NA,"ClCCNP1(=O)OCCCN1CCCl","1"
"64959","Xanthosine","HMDB0000299","64959","18107","C01762","3408","OC[C@H]1O[C@H]([C@H](O)[C@@H]1O)N1C=NC2=C1N=C(O)N=C2O","1"
"7293","Dimethylurea","HMDB0029198","7293","80472","C16364",NA,"CNC(=O)NC","1"
"3505109","4-Nitrocatechol","HMDB0002916","3505109","16318","C02235",NA,"OC1=C(O)C=C(C=C1)[N+]([O-])=O","1"
"4488","Niflumic Acid","HMDB0015573","4488","197010","C13698",NA,"OC(=O)C1=C(NC2=CC=CC(=C2)C(F)(F)F)N=CC=C1","1"
"6057","L-Tyrosine","HMDB0000158","6057","17895","C00082","34","N[C@@H](CC1=CC=C(O)C=C1)C(O)=O","1"
"439866","8-Oxodeoxycoformycin",NA,"439866",NA,NA,NA,NA,"1"
"1135","Thymine","HMDB0000262","1135","17821","C00178","290","CC1=CNC(=O)NC1=O","1"
"750","Glycine","HMDB0000123","750","15428","C00037","20","NCC(O)=O","1"
"441961","NA","NA","NA","NA","NA","NA","NA","0"
"5002","Quetiapine","HMDB0005021","5002","8707","C07397",NA,"OCCOCCN1CCN(CC1)C1=NC2=CC=CC=C2SC2=CC=CC=C12","1"
"18950","NA","NA","NA","NA","NA","NA","NA","0"
"1615","3,4-Methylenedioxymethamphetamine","HMDB0254382","1615","1391","C07577",NA,"CNC(C)CC1=CC2=C(OCO2)C=C1","1"
"38945","Tocainide","HMDB0015189","38945","9611","C07142",NA,"CC(N)C(=O)NC1=C(C)C=CC=C1C","1"
"119104","1'-Acetoxychavicol","HMDB0041006","119104","469","C10426",NA,"CC(=O)O[C@@H](C=C)C1=CC=C(OC(C)=O)C=C1","1"
"24892796","NA","NA","NA","NA","NA","NA","NA","0"
"92433","NA","NA","NA","NA","NA","NA","NA","0"
"184887","NA","NA","NA","NA","NA","NA","NA","0"
"441123","Deoxyamidinoproclavaminic acid",NA,"441123",NA,NA,NA,NA,"1"
"71968","NA","NA","NA","NA","NA","NA","NA","0"
"91679","NA","NA","NA","NA","NA","NA","NA","0"
"68085","Dictamnine","HMDB0251209","68085",NA,"C10660",NA,"COC1=C2C=COC2=NC2=CC=CC=C12","1"
"4192","Midazolam","HMDB0014821","4192","6931","C07524",NA,"CC1=NC=C2CN=C(C3=CC=CC=C3F)C3=C(C=CC(Cl)=C3)N12","1"
"473","2-Oxo-4-methylthiobutanoic acid","HMDB0001553","473","33574","C01180","6319","CSCCC(=O)C(O)=O","1"
"68499","Nicotinuric acid","HMDB0003269","68499","7563","C05380","1499","OC(=O)CNC(=O)C1=CN=CC=C1","1"
"7447","2-Methoxy-5-nitroaniline",NA,"7447",NA,NA,NA,NA,"1"
"13387","N-Methylpyrrolidin-2-one",NA,"13387",NA,NA,NA,NA,"1"
"66095","3-tert-Butyl-5-methylcatechol",NA,"66095",NA,NA,NA,NA,"1"
"10436","Orcinol",NA,"10436",NA,NA,NA,NA,"1"
"160433","NA","NA","NA","NA","NA","NA","NA","0"
"171548","Biotin","HMDB0000030","171548","15956","C00120","243","[H][C@]12CS[C@@H](CCCCC(O)=O)[C@@]1([H])NC(=O)N2","1"
"445354","Vitamin A","HMDB0000305","445354","17336","C00473",NA,"C\C(=C/CO)\C=C\C=C(/C)\C=C\C1=C(C)CCCC1(C)C","1"
"7922","Succinic anhydride","HMDB0032523","7922","36595","C19524",NA,"O=C1CCC(=O)O1","1"
"119133","N-(3-oxo-hexanoyl)-homoserine lactone",NA,"119133","29640","C11839",NA,"CCCC(=O)CC(=O)NC1CCOC1=O","1"
"16073","NA","NA","NA","NA","NA","NA","NA","0"
"7289","1,3-Dichloro-2-propanol","HMDB0244163","7289","18917","C14399",NA,"OC(CCl)CCl","1"
"3157","Doxazosin","HMDB0014728","3157","4708","C06970",NA,"COC1=C(OC)C=C2C(N)=NC(=NC2=C1)N1CCN(CC1)C(=O)C1COC2=CC=CC=C2O1","1"
"8789","1,5-Diphenylcarbazide","HMDB0244234","8789","27726","C11232",NA,"O=C(NNC1=CC=CC=C1)NNC1=CC=CC=C1","1"
"6448437","NA","NA","NA","NA","NA","NA","NA","0"
"18327169","NA","NA","NA","NA","NA","NA","NA","0"
"5280569","NA","NA","NA","NA","NA","NA","NA","0"
"19003","Cyclacillin","HMDB0015135","19003","31444","C12766",NA,"[H][C@]12SC(C)(C)[C@@H](N1C(=O)[C@H]2NC(=O)C1(N)CCCCC1)C(O)=O","1"
"66308","NA","NA","NA","NA","NA","NA","NA","0"
"1140","Toluene","HMDB0034168","1140","17578","C01455",NA,"CC1=CC=CC=C1","1"
"442166","Ankorine",NA,"442166",NA,NA,NA,NA,"1"
"22197","NA","NA","NA","NA","NA","NA","NA","0"
"440173","NA","NA","NA","NA","NA","NA","NA","0"
"8742","Shikimic acid","HMDB0003070","8742","16119","C00493","338","O[C@@H]1CC(=C[C@@H](O)[C@H]1O)C(O)=O","1"
"442418","Antirrhinoside",NA,"442418",NA,NA,NA,NA,"1"
"637758","NA","NA","NA","NA","NA","NA","NA","0"
"23724732","7-Methylxanthosine","HMDB0301918","23724732","49310","C16352",NA,"CN1C=[N+]([C@@H]2O[C@H](CO)[C@@H](O)[C@H]2O)C2=C1C(=O)NC(=O)N2","1"
"185071","Tussilagine",NA,"185071",NA,NA,NA,NA,"1"
"6305","L-Tryptophan","HMDB0000929","6305","16828","C00078","5879","N[C@@H](CC1=CNC2=C1C=CC=C2)C(O)=O","1"
"440294","(1R,2S)-1,2-Dihydronaphthalene-1,2-diol",NA,"440294",NA,NA,NA,NA,"1"
"597","Cytosine","HMDB0000630","597","16040","C00380","283","NC1=CC=NC(=O)N1","1"
"5281163","Ethyl tiglate","HMDB0038962","5281163","4892","C08487",NA,"CCOC(=O)C(\C)=C\C","1"
"5281860","NA","NA","NA","NA","NA","NA","NA","0"
"9548691","NA","NA","NA","NA","NA","NA","NA","0"
"10690","Gluconic acid","HMDB0000625","10690","33198","C00257","345","OC[C@@H](O)[C@@H](O)[C@H](O)[C@@H](O)C(O)=O","1"
"91528","3,4-Dihydroxyphenylglycol","HMDB0000318","91528","1387","C05576","5307","OCC(O)C1=CC(O)=C(O)C=C1","1"
"10659","Apiole","HMDB0033776","10659",NA,"C10429",NA,"COC1=C2OCOC2=C(OC)C(CC=C)=C1","1"
"955","2-succinylbenzoate","HMDB0304087","955","44788","C02730",NA,"OC(=O)CCC(=O)C1=C(C=CC=C1)C(O)=O","1"
"1141","NA","NA","NA","NA","NA","NA","NA","0"
"21470","Thalicarpine",NA,"21470",NA,NA,NA,NA,"1"
"439246","Naringenin","HMDB0002670","439246","17846","C00509","3401","OC1=CC=C(C=C1)[C@@H]1CC(=O)C2=C(O1)C=C(O)C=C2O","1"
"9223","Benzofuran","HMDB0032929","9223","35260","C14512",NA,"O1C=CC2=C1C=CC=C2","1"
"370","Gallic acid","HMDB0005807","370","30778","C01424","3295","OC(=O)C1=CC(O)=C(O)C(O)=C1","1"
"5280459","Quercitrin","HMDB0033751","5280459","17558","C01750",NA,"C[C@@H]1O[C@@H](OC2=C(OC3=CC(O)=CC(O)=C3C2=O)C2=CC(O)=C(O)C=C2)[C@H](O)[C@H](O)[C@H]1O","1"
"1549018","(Z)-3-Methyl-2-(2-pentenyl)-2-cyclopenten-1-one","HMDB0035601","1549018","6084","C08490",NA,"CC\C=C/CC1=C(C)CCC1=O","1"
"6579","Acrylamide","HMDB0004296","6579","28619","C01659",NA,"NC(=O)C=C","1"
"5699","Xanthurenic acid","HMDB0000881","5699","10072","C02470","5841","OC(=O)C1=NC2=C(O)C=CC=C2C(O)=C1","1"
"7515","N-Methylaniline","HMDB0255185","7515","15733","C02299",NA,"CNC1=CC=CC=C1","1"
"442998","Brugine",NA,"442998",NA,NA,NA,NA,"1"
"442106","Lenticin","HMDB0061115","442106","5832","C09213",NA,"C[N+](C)(C)[C@@H](CC1=CNC2=CC=CC=C12)C([O-])=O","1"
"441794","NA","NA","NA","NA","NA","NA","NA","0"
"71485","NA","NA","NA","NA","NA","NA","NA","0"
"442637","Gerrardine",NA,"442637",NA,NA,NA,NA,"1"
"3035199","NA","NA","NA","NA","NA","NA","NA","0"
"440159","Thiomorpholine 3-carboxylate","HMDB0059611","440159","17195","C03901",NA,"OC(=O)C1CSCCN1","1"
"1014","Phosphorylcholine","HMDB0001565","1014","18132","C00588","6326","C[N+](C)(C)CCOP(O)(O)=O","1"
"325700","Austrobailignan 1",NA,"325700",NA,NA,NA,NA,"1"
"6540","NA","NA","NA","NA","NA","NA","NA","0"
"6857383","2-Exo-hydroxy-1,8-cineole","HMDB0059610","6857383","16271","C03092",NA,"[H][C@]1(O)C[C@]2([H])CC[C@@]1(C)OC2(C)C","1"
"75704","9-Oxo-nonanoic acid","HMDB0094711","75704","78700","C16322",NA,"OC(=O)CCCCCCCC=O","1"
"11949595","NA","NA","NA","NA","NA","NA","NA","0"
"89594","Nicotine","HMDB0001934","89594","17688","C00745","1526","[H][C@]1(CCCN1C)C1=CC=CN=C1","1"
"77093","NA","NA","NA","NA","NA","NA","NA","0"
"91754","Pyridaben","HMDB0256960","91754","38626","C18614",NA,"CC(C)(C)N1N=CC(SCC2=CC=C(C=C2)C(C)(C)C)=C(Cl)C1=O","1"
"441781","beta-Cotonefuran",NA,"441781",NA,NA,NA,NA,"1"
"73067","NA","NA","NA","NA","NA","NA","NA","0"
"443000","NA","NA","NA","NA","NA","NA","NA","0"
"16061034","Norlinolenic acid",NA,"16061034","76235","C16344",NA,"CC/C=C\C/C=C\C/C=C\CCCCCCC(=O)O","1"
"11671","alpha-Hydroxyisobutyric acid","HMDB0000729","11671","50129",NA,"3750","CC(C)(O)C(O)=O","1"
"13026","2,3,5-Trihydroxytoluene",NA,"13026",NA,NA,NA,NA,"1"
"6543","NA","NA","NA","NA","NA","NA","NA","0"
"16623","Hydrocortisone succinate",NA,"16623","31677","C12888",NA,"C12C(O)3(CCC4=CC(=O)CC43C)1CC2(O)C(=O)COC(=O)CCC(=O)O","1"
"337601","Amalorin",NA,"337601",NA,NA,NA,NA,"1"
"7967","Cyclohexanone","HMDB0003315","7967","17854","C00414",NA,"O=C1CCCCC1","1"
"33676","4-Ketocyclophosphamide","HMDB0060686","33676","1887","C07644",NA,"ClCCN(CCCl)P1(=O)NC(=O)CCO1","1"
"441170","NA","NA","NA","NA","NA","NA","NA","0"
"6426851","Isovalerylcarnitine","HMDB0000688","6426851","73025",NA,"5657","CC(C)CC(=O)OC(CC([O-])=O)C[N+](C)(C)C","1"
"44563198","NA","NA","NA","NA","NA","NA","NA","0"
"5280533","Isopropylmaleic acid","HMDB0012241","5280533","17275","C02631",NA,"CC(C)C(=C\C(O)=O)\C(O)=O","1"
"1751484","Ureidoacrylic acid","HMDB0341423","1751484",NA,NA,NA,"NC(=O)N\C=C\C(O)=O","1"
"4940","Propiomazine","HMDB0014915","4940","8491","C07405",NA,"CCC(=O)C1=CC2=C(SC3=CC=CC=C3N2CC(C)N(C)C)C=C1","1"
"45485025","NA","NA","NA","NA","NA","NA","NA","0"
"9085","Homo-L-arginine","HMDB0000670","9085","27747","C01924","5640","N[C@@H](CCCCNC(N)=N)C(O)=O","1"
"14349","N-Benzyloxycarbonylglycine",NA,"14349",NA,NA,NA,NA,"1"
"10658","Angelicin","HMDB0033930","10658","28928","C09060",NA,"[H]C1=C([H])C2=C(O1)C([H])=C([H])C1=C2OC(=O)C([H])=C1[H]","1"
"10178","N-Methyl-N-picrylnitramine",NA,"10178",NA,NA,NA,NA,"1"
"10023290","NA","NA","NA","NA","NA","NA","NA","0"
"440847","N2-Succinylglutamate",NA,"440847",NA,NA,NA,NA,"1"
"61205","NA","NA","NA","NA","NA","NA","NA","0"
"440189","NA","NA","NA","NA","NA","NA","NA","0"
"453","NA","NA","NA","NA","NA","NA","NA","0"
"3080635","NA","NA","NA","NA","NA","NA","NA","0"
"62103","NA","NA","NA","NA","NA","NA","NA","0"
"11439","Tubulosine",NA,"11439","9775","C09248",NA,NA,"1"
"5273568","NA","NA","NA","NA","NA","NA","NA","0"
"47445","Triflumuron","HMDB0259200","47445","39388","C18615",NA,"OC(=NC(=O)NC1=CC=C(OC(F)(F)F)C=C1)C1=CC=CC=C1Cl","1"
"7576","NA","NA","NA","NA","NA","NA","NA","0"
"151066","3-Methyldioxyindole","HMDB0004186","151066","28254","C05834","7024","CC1(O)C(=O)NC2=CC=CC=C12","1"
"439717","3-Oxododecanoic acid","HMDB0010727","439717","18037","C02367",NA,"CCCCCCCCCC(=O)CC(O)=O","1"
"213144","Butyrylcarnitine","HMDB0002013","213144","21949","C02862","6436","CCCC(=O)O[C@H](CC([O-])=O)C[N+](C)(C)C","1"
"7618","Triethanolamine","HMDB0032538","7618","28621","C06771",NA,"OCCN(CCO)CCO","1"
"588","Creatinine","HMDB0000562","588","16737","C00791","8","CN1CC(=O)NC1=N","1"
"3032309","Maleic acid homopolymer","HMDB0036232","3032309","23812","C00922",NA,"C\C(=C(/C)C(O)=O)C(O)=O","1"
"68284","NA","NA","NA","NA","NA","NA","NA","0"
"849","Pipecolic acid","HMDB0000070","849","17964","C00408","50","OC(=O)C1CCCCN1","1"
"72259","Fagomine","HMDB0033453","72259","4969","C10144",NA,"OC[C@H]1NCC[C@@H](O)[C@@H]1O","1"
"243756","NA","NA","NA","NA","NA","NA","NA","0"
"5281030","(9Z)-(7S,8S)-Dihydroxyoctadecenoic acid",NA,"5281030","448","C07355",NA,"CCCCCCCC/C=C\(O)(O)CCCCCC(=O)O","1"
"535","1-Aminocyclopropanecarboxylic acid","HMDB0036458","535","18053","C01234",NA,"NC1(CC1)C(O)=O","1"
"4463","Nevirapine","HMDB0014383","4463","63613","C07263",NA,"CC1=C2NC(=O)C3=C(N=CC=C3)N(C3CC3)C2=NC=C1","1"
"163834","NA","NA","NA","NA","NA","NA","NA","0"
"46878444","NA","NA","NA","NA","NA","NA","NA","0"
"2735620","4-Bromophenylthiourea",NA,"2735620",NA,NA,NA,NA,"1"
"439903","5-Acetamidovalerate","HMDB0012175","439903","2024","C03087",NA,"CC(=O)NCCCCC(O)=O","1"
"5360621","Morphine-6-glucuronide","HMDB0041937","5360621",NA,"C16578",NA,"CN1CC[C@]23[C@H]4OC5=C(O)C=CC(C[C@@H]1[C@@H]2C=C[C@@H]4O[C@@H]1O[C@@H]([C@@H](O)[C@H](O)[C@H]1O)C(O)=O)=C35","1"
"7526","N-Nitrosopiperidine","HMDB0243970","7526","76324","C19284",NA,"O=NN1CCCCC1","1"
"6995182","NA","NA","NA","NA","NA","NA","NA","0"
"261000","17beta-Hydroxy-17-methylestra-4,9,11-trien-3-one",NA,"261000",NA,NA,NA,NA,"1"
"159646","Lycobetaine",NA,"159646",NA,NA,NA,NA,"1"
"15553","Clopyralid","HMDB0244780","15553","62961","C18779",NA,"OC(=O)C1=NC(Cl)=CC=C1Cl","1"
"54611","7-Hydroxymethyl-12-methylbenz[a]anthracene sulfate","HMDB0060420","54611","82560","C19562",NA,"CC1=C2C3=CC=CC=C3C=CC2=C(COS(O)(=O)=O)C2=CC=CC=C12","1"
"156777","Cyclokievitone","HMDB0033983","156777","4019","C10207",NA,"CC1(C)OC2=CC(O)=C3C(=O)C(COC3=C2C=C1)C1=CC=C(O)C=C1O","1"
"111","Ureidopropionic acid","HMDB0000026","111","18261","C02642","5097","NC(=O)NCCC(O)=O","1"
"158980","Methionine sulfoxide","HMDB0002005","158980","17016","C02989","6428","CS(=O)CC[C@H](N)C(O)=O","1"
"142752","n-decanohydroxamic acid",NA,"142752","32350","C12889",NA,"CCCCCCCCCC(=O)NO","1"
"6435894","NA","NA","NA","NA","NA","NA","NA","0"
"126919","NA","NA","NA","NA","NA","NA","NA","0"
"11953821","Decanoylcarnitine","HMDB0000651","11953821","28717","C03299","5623","CCCCCCCCCC(=O)O[C@H](CC([O-])=O)C[N+](C)(C)C","1"
"8051","2-Heptanone","HMDB0003671","8051","5672","C08380",NA,"CCCCCC(C)=O","1"
"1057","1,2,3-Trihydroxybenzene","HMDB0013674","1057","16164","C01108",NA,"[H]OC1=CC=CC(O[H])=C1O[H]","1"
"8194","Lauric aldehyde","HMDB0033933","8194","27836","C02278",NA,"CCCCCCCCCCCC=O","1"
"26934","Phenylpropanolamine","HMDB0001942","26934","36","C02343","1846","C[C@@H](N)[C@@H](O)C1=CC=CC=C1","1"
"3032604","NA","NA","NA","NA","NA","NA","NA","0"
"442878","Zinnimidine",NA,"442878",NA,NA,NA,NA,"1"
"8955","Pregnenolone","HMDB0000253","8955","16581","C01953","5257","[H][C@@]12CC[C@H](C(C)=O)[C@@]1(C)CC[C@@]1([H])[C@@]2([H])CC=C2C[C@@H](O)CC[C@]12C","1"
"7823","NA","NA","NA","NA","NA","NA","NA","0"
"11378442","NA","NA","NA","NA","NA","NA","NA","0"
"247","Betaine","HMDB0000043","247","41139","C00719","287","C[N+](C)(C)CC(O)=O","1"
"803","Indolepyruvate","HMDB0060484","803","29750","C00331",NA,"OC(=O)C(=O)CC1=CNC2=C1C=CC=C2","1"
"656498","NA","NA","NA","NA","NA","NA","NA","0"
"1221","alpha-AMINO-3-HYDROXY-5-METHYL-4-ISOXAZOLEPROPIONIC ACID","HMDB0248356","1221",NA,"C13672",NA,"CC1=C(CC(N)C(O)=O)C(=O)NO1","1"
"1355","m-chlorophenylpiperazine (m-CPP)","HMDB0061008","1355","10588","C11738",NA,"ClC1=CC(=CC=C1)N1CCNCC1","1"
"5281707","Coumesterol","HMDB0002326","5281707","3908","C10205",NA,"OC1=CC2=C(C=C1)C1=C(O2)C2=C(OC1=O)C=C(O)C=C2","1"
"6839","Phensuximide","HMDB0014970","6839","149869","C07437",NA,"CN1C(=O)CC(C1=O)C1=CC=CC=C1","1"
"188824","Propionylcarnitine","HMDB0000824","188824","53210","C03017","5787","CCC(=O)O[C@H](CC(O)=O)C[N+](C)(C)C","1"
"15091","Cycloheptanecarboxylic acid",NA,"15091",NA,NA,NA,NA,"1"
"442419","6-Methoxytaxifolin",NA,"442419",NA,NA,NA,NA,"1"
"439661","Acetylagmatine",NA,"439661",NA,NA,NA,NA,"1"
"123991","2-Aminoacrylic acid","HMDB0003609","123991","17123","C02218",NA,"NC(=C)C(O)=O","1"
"5280383","Leukotriene A4","HMDB0001337","5280383","15651","C00909","3449","CCCCC\C=C/C\C=C/C=C/C=C/[C@@H]1O[C@H]1CCCC(O)=O","1"
"439235","L-Aspartate-semialdehyde","HMDB0012249","439235","18051","C00441",NA,"N[C@@H](CC=O)C(O)=O","1"
"266","NA","NA","NA","NA","NA","NA","NA","0"
"586","Creatine","HMDB0000064","586","16919","C00300","7","CN(CC(O)=O)C(N)=N","1"
"2912","(1S,3S)-(R)-Cyano(3-phenoxyphenyl)methyl 3-(2,2-dichlorovinyl)-2,2-dimethylcyclopropanecarboxylate","HMDB0243566","2912","4042","C10984",NA,"CC1(C)C(C=C(Cl)Cl)C1C(=O)OC(C#N)C1=CC(OC2=CC=CC=C2)=CC=C1","1"
"439964","NA","NA","NA","NA","NA","NA","NA","0"
"168082","NA","NA","NA","NA","NA","NA","NA","0"
"9543177","4-Acetamido-2-amino-6-nitrotoluene","HMDB0060384","9543177","20302","C16420",NA,"CC(O)=NC1=CC(N)=C(C)C(=C1)N(=O)=O","1"
"192878","N-Acetyl-L-glutamate 5-semialdehyde","HMDB0006488","192878","16319","C01250",NA,"CC(=O)N[C@@H](CCC=O)C(O)=O","1"
"637511","Cinnamaldehyde","HMDB0003441","637511","16731","C00903","6931","O=C\C=C\C1=CC=CC=C1","1"
"23663973","Sulbactam sodium",NA,"23663973",NA,NA,NA,NA,"1"
"115121","NA","NA","NA","NA","NA","NA","NA","0"
"11349","3-Hydroxyflavone","HMDB0031816","11349","5078","C01495",NA,"OC1=C(OC2=CC=CC=C2C1=O)C1=CC=CC=C1","1"
"394146","NA","NA","NA","NA","NA","NA","NA","0"
"8280","Paramethadione","HMDB0014755","8280","250989","C07411",NA,"CCC1(C)OC(=O)N(C)C1=O","1"
"439428","Naphthalene-1,3,8-triol",NA,"439428",NA,NA,NA,NA,"1"
"4762","11b-Hydroxyandrost-4-ene-3,17-dione","HMDB0006773","4762","8067","C05284",NA,"[H][C@@]12CCC(=O)[C@@]1(C)C[C@H](O)[C@@]1([H])[C@@]2([H])CCC2=CC(=O)CC[C@]12C","1"
"72724","NA","NA","NA","NA","NA","NA","NA","0"
"6805","NA","NA","NA","NA","NA","NA","NA","0"
"443396","Propantheline chloride",NA,"443396",NA,NA,NA,NA,"1"
"441447","(S)-Homostachydrine","HMDB0033433","441447",NA,"C08283",NA,"C[N+]1(C)CCCC[C@H]1C([O-])=O","1"
"439915","L-Iduronate 2-sulfate",NA,"439915",NA,NA,NA,NA,"1"
"72881","NA","NA","NA","NA","NA","NA","NA","0"
"9552079","NA","NA","NA","NA","NA","NA","NA","0"
"23694671","NA","NA","NA","NA","NA","NA","NA","0"
"16058","NA","NA","NA","NA","NA","NA","NA","0"
"5281130","NA","NA","NA","NA","NA","NA","NA","0"
"32154","NA","NA","NA","NA","NA","NA","NA","0"
"2479","Butabarbital","HMDB0014382","2479","3228","C07827",NA,"CCC(C)C1(CC)C(=O)NC(=O)NC1=O","1"
"10788","Dazomet","HMDB0250885","10788","75212","C18457",NA,"CN1CSC(=S)N(C)C1","1"
"26623","Mercury","HMDB0003625","26623","16793","C00703",NA,"[Hg++]","1"
"439778","4-Hydroxybut-2-ynal",NA,"439778",NA,NA,NA,NA,"1"
"3463","Gemfibrozil","HMDB0015371","3463","5296","C07020",NA,"CC1=CC(OCCCC(C)(C)C(O)=O)=C(C)C=C1","1"
"35703","7-Ethoxycoumarin","HMDB0247248","35703","28184","C11052",NA,"CCOC1=CC=C2C=CC(=O)OC2=C1","1"
"5284627","Topiramate","HMDB0005034","5284627","63631","C07502",NA,"[H][C@@]12CO[C@@]3(COS(N)(=O)=O)OC(C)(C)O[C@@]3([H])[C@]1([H])OC(C)(C)O2","1"
"442173","Bakkenolide A",NA,"442173",NA,NA,NA,NA,"1"
"14256","Dodecanamide","HMDB0251566","14256","34726","C13831",NA,"CCCCCCCCCCCC(N)=O","1"
"10168","Rhein","HMDB0032876","10168","8825","C10401",NA,"OC(=O)C1=CC2=C(C(O)=C1)C(=O)C1=C(C=CC=C1O)C2=O","1"
"24066","Zalcitabine","HMDB0015078","24066","10101","C07207",NA,"NC1=NC(=O)N(C=C1)[C@H]1CC[C@@H](CO)O1","1"
"743","Glutaric acid","HMDB0000661","743","17859","C00489","3254","OC(=O)CCCC(O)=O","1"
"442077","Eseramine",NA,"442077",NA,NA,NA,NA,"1"
"496","N1-Acetylspermidine","HMDB0001276","496","17927","C00612","3323","CC(=O)NCCCNCCCCN","1"
"318324","(2R,3R,4S,5R)-2-Amino-3,4,5,6-tetrahydroxyhexanal","HMDB0242589","318324",NA,NA,NA,"NC(C=O)C(O)C(O)C(O)CO","1"
"134601","Aspartame","HMDB0001894","134601","2877","C11045","6377","COC(=O)[C@H](CC1=CC=CC=C1)NC(=O)[C@@H](N)CC(O)=O","1"
"15115","NA","NA","NA","NA","NA","NA","NA","0"
"74300","10-Hydroxydecanoic acid","HMDB0244272","74300","17409","C02774",NA,"OCCCCCCCCCC(O)=O","1"
"3034465","NA","NA","NA","NA","NA","NA","NA","0"
"21718008","NA","NA","NA","NA","NA","NA","NA","0"
"4616","Oxazepam","HMDB0014980","4616","7823","C07359",NA,"OC1N=C(C2=CC=CC=C2)C2=C(NC1=O)C=CC(Cl)=C2","1"
"10065132","NA","NA","NA","NA","NA","NA","NA","0"
"68271","NA","NA","NA","NA","NA","NA","NA","0"
"9679","5-Aminoimidazole-4-carboxamide","HMDB0003192","9679","2030","C04051","629","NC(=O)C1=C(N)N=CN1","1"
"7157","Allidochlor","HMDB0248154","7157",NA,"C19043",NA,"ClCC(=O)N(CC=C)CC=C","1"
"439281","N-Acetyl-mannosamine",NA,"439281",NA,NA,NA,NA,"1"
"439990","Sequoyitol","HMDB0031449","439990","15975","C03365",NA,"CO[C@@H]1[C@@H](O)[C@H](O)[C@H](O)[C@H](O)[C@H]1O","1"
"9507","NA","NA","NA","NA","NA","NA","NA","0"
"5281629","6-Deoxyjacareubin",NA,"5281629",NA,NA,NA,NA,"1"
"643757","cis-Aconitic acid","HMDB0000072","643757","32805","C00417","5130","OC(=O)C\C(=C\C(O)=O)C(O)=O","1"
"24892801","NA","NA","NA","NA","NA","NA","NA","0"
"11046097","NA","NA","NA","NA","NA","NA","NA","0"
"122356","N-Acetylputrescine","HMDB0002064","122356","17768","C02714","3252","CC(=O)NCCCCN","1"
"3964","Loxapine","HMDB0014552","3964","50841","C07104",NA,"CN1CCN(CC1)C1=NC2=CC=CC=C2OC2=C1C=C(Cl)C=C2","1"
"1175","Uric acid","HMDB0000289","1175","17775","C00366","88","O=C1NC2=C(N1)C(=O)NC(=O)N2","1"
"68213","Maclurin","HMDB0032644","68213",NA,"C09951",NA,"OC1=CC(O)=C(C(=O)C2=CC(O)=C(O)C=C2)C(O)=C1","1"
"160753","NA","NA","NA","NA","NA","NA","NA","0"
"51710","Oxmetidine","HMDB0041970","51710","7847","C11803",NA,"CC1=C(CSCCNC2=NC(=O)C(CC3=CC=C4OCOC4=C3)=CN2)N=CN1","1"
"442147","Chrysartemin B",NA,"442147",NA,NA,NA,NA,"1"
"7207","NA","NA","NA","NA","NA","NA","NA","0"
"254633","NA","NA","NA","NA","NA","NA","NA","0"
"128","4-Imidazolone-5-propionic acid","HMDB0001014","128","27384","C03680","319","OC(=O)CCC1N=CNC1=O","1"
"24771808","2,3,4,5-Tetrahydro-2-pyridinecarboxylic acid","HMDB0012130","24771808","49014","C00450",NA,"OC(=O)[C@@H]1CCCC=N1","1"
"49859675","NA","NA","NA","NA","NA","NA","NA","0"
"650","Diacetyl","HMDB0003407","650","16583","C00741","6921","CC(=O)C(C)=O","1"
"50599","Didanosine","HMDB0015037","50599","490877","C06953",NA,"OC[C@@H]1CC[C@@H](O1)N1C=NC2=C1NC=NC2=O","1"
"27200","Thiamphenicol",NA,"27200",NA,NA,NA,NA,"1"
"1136","5-(2-Hydroxyethyl)-4-methylthiazole","HMDB0032985","1136","17957","C04294",NA,"CC1=C(CCO)SC=N1","1"
"649","Dihydrouracil","HMDB0000076","649","15901","C00429","285","O=C1CCNC(=O)N1","1"
"782","Hydantoin-5-propionic acid","HMDB0001212","782","28297","C05565","6084","OC(=O)CCC1NC(=O)NC1=O","1"
"250388","NA","NA","NA","NA","NA","NA","NA","0"
"17513","AICA-riboside","HMDB0062179","17513","28498",NA,NA,"NC(=O)C1=C(N)N(C=N1)[C@@H]1O[C@H](CO)[C@@H](O)[C@H]1O","1"
"3007","Amphetamine","HMDB0014328","3007","132233","C07514",NA,"CC(N)CC1=CC=CC=C1","1"
"1046","Pyrazinamide","HMDB0014483","1046","45285","C01956",NA,"NC(=O)C1=NC=CN=C1","1"
"7069","NA","NA","NA","NA","NA","NA","NA","0"
"194953","NA","NA","NA","NA","NA","NA","NA","0"
"5280441","Vitexin 6''-O-malonyl 2''-O-xyloside","HMDB0301980","5280441","16954","C01460",NA,"OC[C@H]1O[C@H]([C@H](O)[C@@H](O)[C@@H]1O)C1=C2OC(=CC(=O)C2=C(O)C=C1O)C1=CC=C(O)C=C1","1"
"18666812","5-Amino-6-(5'-phosphoribitylamino)uracil","HMDB0003841","18666812","18247","C04454",NA,"NC1=C(NC[C@H](O)[C@H](O)[C@H](O)COP(O)(O)=O)NC(=O)NC1=O","1"
"96177","2,4-Diamino-6-nitrotoluene","HMDB0060362","96177","19342","C16396",NA,"CC1=C(N)C=C(N)C=C1N(=O)=O","1"
"12785740","NA","NA","NA","NA","NA","NA","NA","0"
"442663","Velloquercetin",NA,"442663","9941","C10194",NA,"C=C(C)C1Cc2c(cc3oc(-c4ccc(O)c(O)c4)c(O)c(=O)c3c2O)O1","1"
"21581287","NA","NA","NA","NA","NA","NA","NA","0"
"25137912","2-amino-2,3,7-trideoxy-D-lyxo-hept-6-ulosonic acid",NA,"25137912","51282","C16850",NA,"CC(=O)(O)(O)C(N)C(=O)O","1"
"1015","O-Phosphoethanolamine","HMDB0000224","1015","17553","C00346","5233","NCCOP(O)(O)=O","1"
"7955","Melamine","HMDB0041922","7955","27915","C08737",NA,"N=C1NC(=N)NC(=N)N1","1"
"46174030","NA","NA","NA","NA","NA","NA","NA","0"
"5280695","Corniculatusin",NA,"5280695","28018","C04527",NA,"COc1c(O)cc(O)c2c(=O)c(O)c(-c3ccc(O)c(O)c3)oc12","1"
"5280500","2-Maleylacetate","HMDB0060348","5280500","1184","C02222",NA,"OC(=O)CC(=O)\C=C/C(O)=O","1"
"439447","Methyl 2-diazoacetamidohexonate",NA,"439447",NA,NA,NA,NA,"1"
"1054","Pyridoxine","HMDB0000239","1054","16709","C00314","5245","CC1=C(O)C(CO)=C(CO)C=N1","1"
"119268","(-)-Phaseollidin",NA,"119268","17556","C05230",NA,"CC(C)=CCc1c(O)ccc2c1O1c3ccc(O)cc3OC21","1"
"441125","NA","NA","NA","NA","NA","NA","NA","0"
"6106","Leucine","HMDB0000687","6106","15603","C00123","24","CC(C)C[C@H](N)C(O)=O","1"
"7098648","NA","NA","NA","NA","NA","NA","NA","0"
"11137200","3-Hydroxy-L-proline","HMDB0002113","11137200","87840","C04397","6494","O[C@H]1CCN[C@H]1C(O)=O","1"
"5281119","Myristoleic acid","HMDB0002000","5281119","27781","C08322","6424","CCCC\C=C/CCCCCCCC(O)=O","1"
"1174","Uracil","HMDB0000300","1174","17568","C00106","258","O=C1NC=CC(=O)N1","1"
"72200","2-Aminoadenosine",NA,"72200",NA,NA,NA,NA,"1"
"385","Pimelic acid","HMDB0000857","385","30531","C02656","3280","OC(=O)CCCCCC(O)=O","1"
"51","Oxoglutaric acid","HMDB0000208","51","30915","C00026","5218","OC(=O)CCC(=O)C(O)=O","1"
"9543289","NA","NA","NA","NA","NA","NA","NA","0"
"160464","delta-Guanidinovaleric acid","HMDB0250978","160464",NA,"C13688",NA,"NC(=N)NCCCCC(O)=O","1"
"6912","D-Xylitol","HMDB0002917","6912","17151","C00379",NA,"OC[C@H](O)[C@@H](O)[C@H](O)CO","1"
"440599","L-2-aminohexano-6-lactam",NA,"440599",NA,NA,NA,NA,"1"
"442423","NA","NA","NA","NA","NA","NA","NA","0"
"892","scyllo-Inositol","HMDB0006088","892","10642","C06153",NA,"O[C@H]1[C@H](O)[C@@H](O)[C@H](O)[C@@H](O)[C@@H]1O","1"
"3016713","NA","NA","NA","NA","NA","NA","NA","0"
"88708","Gentiopicrin",NA,"88708","5321","C09782",NA,"C=C1C2=CCOC(=O)C2=CO1O1O(CO)(O)(O)1O","1"
"10403174","Citalopram propionic acid","HMDB0060463","10403174","80605","C16610",NA,"OC(=O)CCC1(OCC2=C1C=CC(=C2)C#N)C1=CC=C(F)C=C1","1"
"42295","NA","NA","NA","NA","NA","NA","NA","0"
"119055","Dihydrobiopterin","HMDB0000038","119055","43029","C00268","5106","C[C@H](O)[C@H](O)C1=NC2=C(NC1)NC(N)=NC2=O","1"
"46173972","NA","NA","NA","NA","NA","NA","NA","0"
"35953","NA","NA","NA","NA","NA","NA","NA","0"
"36339","NA","NA","NA","NA","NA","NA","NA","0"
"25674","L-Ethionine",NA,"25674",NA,NA,NA,NA,"1"
"65689","NA","NA","NA","NA","NA","NA","NA","0"
"17723","D-Arabinono-1,4-lactone","HMDB0302833","17723","16292","C00652",NA,"OC[C@H]1OC(=O)[C@@H](O)[C@@H]1O","1"
"442061","Montanin A",NA,"442061",NA,NA,NA,NA,"1"
"5281395","NA","NA","NA","NA","NA","NA","NA","0"
"9568055","NA","NA","NA","NA","NA","NA","NA","0"
"439543","Bz-Arg-OEt",NA,"439543",NA,NA,NA,NA,"1"
"5460131","NA","NA","NA","NA","NA","NA","NA","0"
"16950","Argininosuccinic acid","HMDB0000052","16950","15682","C03406","5115","N[C@@H](CCCNC(=N)N[C@@H](CC(O)=O)C(O)=O)C(O)=O","1"
"8427","Dichlorprop","HMDB0251202","8427","75370","C11020",NA,"CC(OC1=CC=C(Cl)C=C1Cl)C(O)=O","1"
"510","Trimetaphosphoric acid","HMDB0059921","510","16517","C02466",NA,"OP1(=O)OP(O)(=O)OP(O)(=O)O1","1"
"86786","Methylisopelletierine","HMDB0030326","86786","7321","C06184",NA,"CN1CCCCC1CC(C)=O","1"
"12235228","threo-9,10-Dihydroxystearic acid",NA,"12235228",NA,"C08314",NA,"CCCCCCCC(O)(O)CCCCCCCC(=O)O","1"
"13891","2-Chloro-1,4-naphthoquinone",NA,"13891",NA,NA,NA,NA,"1"
"99289","L-Allothreonine","HMDB0004041","99289","28718","C05519","7007","C[C@H](O)[C@H](N)C(O)=O","1"
"11953795","S(8)-Succinyldihydrolipoamide",NA,"11953795",NA,NA,NA,NA,"1"
"17676","Acetophenazine","HMDB0015196","17676","2401","C06807",NA,"CC(=O)C1=CC=C2SC3=C(C=CC=C3)N(CCCN3CCN(CCO)CC3)C2=C1","1"
"439332","2-oxo-octadecanoic acid",NA,"439332","30820","C00869",NA,"CCCCCCCCCCCCCCCCC(=O)C(=O)O","1"
"440451","NA","NA","NA","NA","NA","NA","NA","0"
"41648","NA","NA","NA","NA","NA","NA","NA","0"
"71563406","NA","NA","NA","NA","NA","NA","NA","0"
"5460069","NA","NA","NA","NA","NA","NA","NA","0"
"21145110","NA","NA","NA","NA","NA","NA","NA","0"
"52997","Sulfometuron methyl",NA,"52997",NA,NA,NA,NA,"1"
"5793","D-Glucose","HMDB0000122","5793","15903","C00031","133","OC[C@H]1O[C@@H](O)[C@H](O)[C@@H](O)[C@@H]1O","1"
"439570","(R)-Carvone","HMDB0035089","439570","15400","C01767",NA,"CC(=C)[C@@H]1CC=C(C)C(=O)C1","1"
"1060","Pyruvic acid","HMDB0000243","1060","32816","C00022","117","CC(=O)C(O)=O","1"
"10357552","NA","NA","NA","NA","NA","NA","NA","0"
"5753","Corticosterone","HMDB0001547","5753","16827","C02140","6314","[H][C@@]1(CC[C@@]2([H])[C@]3([H])CCC4=CC(=O)CC[C@]4(C)[C@@]3([H])[C@@]([H])(O)C[C@]12C)C(=O)CO","1"
"5746","Mitomycin","HMDB0014450","5746","27504","C06681",NA,"CO[C@]12[C@H]3N[C@H]3CN1C1=C([C@H]2COC(N)=O)C(=O)C(N)=C(C)C1=O","1"
"3488","Glyburide","HMDB0015151","3488","5441","C07022",NA,"COC1=C(C=C(Cl)C=C1)C(=O)NCCC1=CC=C(C=C1)S(=O)(=O)NC(=O)NC1CCCCC1","1"
"443635","1-Phenazinecarboxylic acid, 6-acetyl-",NA,"443635",NA,NA,NA,NA,"1"
"24858868","NA","NA","NA","NA","NA","NA","NA","0"
"11954100","17beta-Methylestra-1,3,5(10)-trien-3-ol",NA,"11954100",NA,NA,NA,NA,"1"
"46878441","NA","NA","NA","NA","NA","NA","NA","0"
"97750","Diethyl oxalpropionate","HMDB0032306","97750","16879","C04067",NA,"CCOC(=O)C(C)C(=O)C(=O)OCC","1"
"54675777","Chlortetracycline",NA,"54675777","27644","C06571",NA,"CN(C)1C(O)=C(C(N)=O)C(=O)2(O)C(O)=C3C(=O)c4c(O)ccc(Cl)c4(C)(O)3C12","1"
"656979","N-alpha-Acetyl-L-citrulline","HMDB0000856","656979","49002","C15532","5819","CC(=O)N[C@@H](CCCNC(N)=O)C(O)=O","1"
"5463137","NA","NA","NA","NA","NA","NA","NA","0"
"1110","Succinic acid","HMDB0000254","1110","15741","C00042","114","OC(=O)CCC(O)=O","1"
"790","Hypoxanthine","HMDB0000157","790","17368","C00262","83","OC1=NC=NC2=C1NC=N2","1"
"439232","N2-Acetylornithine","HMDB0003357","439232","16543","C00437",NA,"CC(=O)N[C@@H](CCCN)C(O)=O","1"
"65072","Homocitrulline","HMDB0000679","65072","17443","C02427","46","N[C@@H](CCCCNC(N)=O)C(O)=O","1"
"145858","NA","NA","NA","NA","NA","NA","NA","0"
"464","Hippuric acid","HMDB0000714","464","18089","C01586","1301","OC(=O)CNC(=O)C1=CC=CC=C1","1"
"25010752","NA","NA","NA","NA","NA","NA","NA","0"
"24507","NA","NA","NA","NA","NA","NA","NA","0"
"5748526","NA","NA","NA","NA","NA","NA","NA","0"
"421","Dihydrolipoate","HMDB0012210","421","18047","C02147",NA,"OC(=O)CCCCC(S)CCS","1"
"173699","NA","NA","NA","NA","NA","NA","NA","0"
"44146921","NA","NA","NA","NA","NA","NA","NA","0"
"5951","Serine","HMDB0000187","5951","17115","C00065","5203","N[C@@H](CO)C(O)=O","1"
"442631","Codonopsine",NA,"442631",NA,NA,NA,NA,"1"
"2576","Carisoprodol","HMDB0014539","2576","3419","C07927",NA,"CCCC(C)(COC(N)=O)COC(=O)NC(C)C","1"
"519382","4-(2,6,6-Trimethyl-1-cyclohexen-1-yl)-2-butanone","HMDB0032913","519382","18015","C03527",NA,"CC(=O)CCC1=C(C)CCCC1(C)C","1"
"794","NA","NA","NA","NA","NA","NA","NA","0"
"1005","Phosphoenolpyruvic acid","HMDB0000263","1005","44897","C00074","5264","OC(=O)C(=C)OP(O)(O)=O","1"
"441083","NA","NA","NA","NA","NA","NA","NA","0"
"5462519","NA","NA","NA","NA","NA","NA","NA","0"
"5281143","Tentoxin",NA,"5281143",NA,NA,NA,NA,"1"
"442506","Bakankoside",NA,"442506",NA,NA,NA,NA,"1"
"5459790","NA","NA","NA","NA","NA","NA","NA","0"
"6452827","NA","NA","NA","NA","NA","NA","NA","0"
"239","beta-Alanine","HMDB0000056","239","16958","C00099","5119","NCCC(O)=O","1"
"85259","Dehydrojuvabione",NA,"85259",NA,NA,NA,NA,"1"
"439250","(-)-Limonene","HMDB0004321","439250","15383","C00521","6911","CC(=C)[C@H]1CCC(C)=CC1","1"
"439318","Kanamycin B",NA,"439318",NA,NA,NA,NA,"1"
"11953829","Flavonol 3-O-D-xylosylglucoside",NA,"11953829",NA,NA,NA,NA,"1"
"6464","Aprobarbital","HMDB0015441","6464","2791","C07826",NA,"CC(C)C1(CC=C)C(=O)NC(=O)NC1=O","1"
"441075","NA","NA","NA","NA","NA","NA","NA","0"
"92042779","NA","NA","NA","NA","NA","NA","NA","0"
"8102","Hexylamine","HMDB0032323","8102","5712","C08306",NA,"CCCCCCN","1"
"441965","Frutinone A",NA,"441965",NA,NA,NA,NA,"1"
"9543248","NA","NA","NA","NA","NA","NA","NA","0"
"85275","2,2-dichloro-1,1-ethanediol","HMDB0062193","85275","34213","C14860",NA,"OC(O)C(Cl)Cl","1"
"2153","Theophylline","HMDB0001889","2153","28177","C07130","1458","CN1C2=C(NC=N2)C(=O)N(C)C1=O","1"
"446337","NA","NA","NA","NA","NA","NA","NA","0"
"241","Benzene","HMDB0001505","241","16716","C01407","6285","C1=CC=CC=C1","1"
"2216","Apraclonidine","HMDB0015099","2216","2788","C07668",NA,"NC1=CC(Cl)=C(NC2=NCCN2)C(Cl)=C1","1"
"11972301","NA","NA","NA","NA","NA","NA","NA","0"
"25195328","NA","NA","NA","NA","NA","NA","NA","0"
"81261","N-hydroxy-4-aminobiphenyl","HMDB0062723","81261","16580","C20319",NA,"ONC1=CC=C(C=C1)C1=CC=CC=C1","1"
"1032","Propionic acid","HMDB0000237","1032","30768","C00163","3215","CCC(O)=O","1"
"10729","Isoxanthopterin","HMDB0000704","10729","16713","C03975","5672","NC1=NC(=O)C2=C(N1)NC(=O)C=N2","1"
"13017","N-Cyclohexylformamide","HMDB0255105","13017","17945","C11519",NA,"O=CNC1CCCCC1","1"
"5280366","(2E,4Z)-2-hydroxy-6-oxohexa-2,4-dienoic acid",NA,"5280366","67110","C00682",NA,"O=C/C=C\C=C(\O)C(=O)O","1"
"12460","Phendimetrazine","HMDB0015519","12460","674499","C07904",NA,"CC1C(OCCN1C)C1=CC=CC=C1","1"
"439476","6-Hydroxypseudooxynicotine","HMDB0240264","439476","37754","C01297",NA,"CNCCCC(=O)C1=CC=C(O)N=C1","1"
"469","2-Aminoadipic acid","HMDB0302754","469","37024","C00956","5496","NC(CCCC(O)=O)C(O)=O","1"
"92904","NA","NA","NA","NA","NA","NA","NA","0"
"78168","5-Hydroxymethyluracil","HMDB0000469","78168","16964","C03088","5456","OCC1=CNC(=O)NC1=O","1"
"71307451","NA","NA","NA","NA","NA","NA","NA","0"
"5486800","NA","NA","NA","NA","NA","NA","NA","0"
"74840","N-Benzyloxycarbonyl-L-leucine",NA,"74840",NA,NA,NA,NA,"1"
"439881","O-Carbamoyl-serine",NA,"439881",NA,NA,NA,NA,"1"
"792","Imidazole acetol-phosphate","HMDB0012236","792","16426","C01267",NA,"OP(O)(=O)OCC(=O)CC1=CNC=N1","1"
"194140","NA","NA","NA","NA","NA","NA","NA","0"
"4754","Phenacetin","HMDB0256387","4754","8050","C07591",NA,"CCOC1=CC=C(NC(C)=O)C=C1","1"
"115064","9-Hydroxybenzo[a]pyrene-4,5-oxide","HMDB0062439","115064","34513","C14854",NA,"OC1=CC2=C3C=CC4=C5C(=CC=C4)C4OC4C(C=C2C=C1)=C35","1"
"1052","Pyridoxamine","HMDB0001431","1052","16410","C00534","238","CC1=C(O)C(CN)=C(CO)C=N1","1"
"273","Cadaverine","HMDB0002322","273","18127","C01672","3236","NCCCCCN","1"
"20848","NA","NA","NA","NA","NA","NA","NA","0"
"52922085","Tuberonic acid glucoside",NA,"52922085","37419","C08558",NA,"O=C(O)C1CCC(=O)1C/C=C\CCO1O(CO)C(O)C(O)C1O","1"
"69602","N-Acetylhistamine","HMDB0013253","69602","28483","C05135",NA,"CC(=O)NCCC1=CN=CN1","1"
"16362","Pimozide","HMDB0015232","16362","8212","C07566",NA,"FC1=CC=C(C=C1)C(CCCN1CCC(CC1)N1C(=O)NC2=CC=CC=C12)C1=CC=C(F)C=C1","1"
"6054","2-Phenylethanol","HMDB0033944","6054","49000","C05853",NA,"OCCC1=CC=CC=C1","1"
"31211","Zingerone","HMDB0032590","31211","68657","C17497",NA,"COC1=C(O)C=CC(CCC(C)=O)=C1","1"
"221812","NA","NA","NA","NA","NA","NA","NA","0"
"996","Phenol","HMDB0000228","996","15882","C00146","128","OC1=CC=CC=C1","1"
"11829464","NA","NA","NA","NA","NA","NA","NA","0"
"22859863","NA","NA","NA","NA","NA","NA","NA","0"
"443071","5-Methyl-3-isoxazolyl sulfate",NA,"443071",NA,NA,NA,NA,"1"
"3083543","NA","NA","NA","NA","NA","NA","NA","0"
"1049","Pyridine","HMDB0000926","1049","16227","C00747","5877","C1=CC=NC=C1","1"
"6400629","NA","NA","NA","NA","NA","NA","NA","0"
"5281534","alpha-Sinensal","HMDB0038215","5281534","10332","C09729",NA,"C\C(CC\C=C(/C)C=O)=C/C\C=C(/C)C=C","1"
"182279","Tarrenoside",NA,"182279","9403",NA,NA,"O=CC1=CO(O2O(CO)(O)(O)2O)2C(CO)=CC12","1"
"9570071","Aldicarb","HMDB0248124","9570071","2555",NA,NA,"CNC(=O)ON=CC(C)(C)SC","1"
"15643","NA","NA","NA","NA","NA","NA","NA","0"
"440906","NA","NA","NA","NA","NA","NA","NA","0"
"1132","Thiamine pyrophosphate","HMDB0001372","1132","9532","C00068","2832","CC1=C(CCOP(O)(=O)OP(O)(O)=O)SC=[N+]1CC1=CN=C(C)N=C1N","1"
"10457","Suberic acid","HMDB0000893","10457","9300","C08278","4243","OC(=O)CCCCCCC(O)=O","1"
"5280804","Isoquercitrin","HMDB0037362","5280804","68352","C05623",NA,"OC[C@H]1O[C@@H](OC2=C(OC3=C(C(O)=CC(O)=C3)C2=O)C2=CC=C(O)C(O)=C2)[C@H](O)[C@@H](O)[C@@H]1O","1"
"91619","NA","NA","NA","NA","NA","NA","NA","0"
"193653","S-Carboxymethyl-cysteine",NA,"193653",NA,NA,NA,NA,"1"
"79437","1,3,7-Trimethyluric acid","HMDB0002123","79437","691622","C16361",NA,"CN1C(=O)NC2=C1C(=O)N(C)C(=O)N2C","1"
"440742","NA","NA","NA","NA","NA","NA","NA","0"
"439919","N-D-Glucosylarylamine",NA,"439919",NA,NA,NA,NA,"1"
"6451137","NA","NA","NA","NA","NA","NA","NA","0"
"10257","Bufotenin","HMDB0041842","10257","3210","C08299",NA,"CN(C)CCC1=CNC2=C1C=C(O)C=C2","1"
"46878442","NA","NA","NA","NA","NA","NA","NA","0"
"764","Guanine","HMDB0000132","764","16235","C00242","315","NC1=NC(=O)C2=C(N1)N=CN2","1"
"6103","Zoxazolamine","HMDB0260050","6103",NA,"C13841",NA,"ClC1=CC2=C(OC(=N)N2)C=C1","1"
"441579","Ruscopine",NA,"441579",NA,NA,NA,NA,"1"
"251872","NA","NA","NA","NA","NA","NA","NA","0"
"690730","NA","NA","NA","NA","NA","NA","NA","0"
"3899","Leflunomide","HMDB0015229","3899","6402","C07905",NA,"CC1=C(C=NO1)C(=O)NC1=CC=C(C=C1)C(F)(F)F","1"
"637542","4-Hydroxycinnamic acid","HMDB0002035","637542","32374","C00811","6450","OC(=O)\C=C\C1=CC=C(O)C=C1","1"
"8424","Thebaine",NA,"8424","9519","C06173",NA,NA,"1"
"5789","Thymidine","HMDB0000273","5789","17748","C00214","3375","CC1=CN([C@H]2C[C@H](O)[C@@H](CO)O2)C(=O)NC1=O","1"
"68368","NA","NA","NA","NA","NA","NA","NA","0"
"108010","Indospicine",NA,"108010",NA,NA,NA,NA,"1"
"108172","D-Octopine",NA,"108172",NA,"C04137",NA,NA,"1"
"25245427","NA","NA","NA","NA","NA","NA","NA","0"
"11011465","NA","NA","NA","NA","NA","NA","NA","0"
"6344","Dichloromethane","HMDB0031548","6344","15767","C02271",NA,"ClCCl","1"
"24203","NA","NA","NA","NA","NA","NA","NA","0"
"441401","Linezolid","HMDB0014739","441401","63607","C08146",NA,"CC(=O)NC[C@H]1CN(C(=O)O1)C1=CC(F)=C(C=C1)N1CCOCC1","1"
"12542","NA","NA","NA","NA","NA","NA","NA","0"
"440120","N6,N6,N6-Trimethyl-L-lysine","HMDB0001325","440120","17311","C03793","6161","C[N+](C)(C)CCCC[C@H](N)C([O-])=O","1"
"132448","NA","NA","NA","NA","NA","NA","NA","0"
"77770","N-Propanoylimidazole",NA,"77770",NA,NA,NA,NA,"1"
"5326781","NA","NA","NA","NA","NA","NA","NA","0"
"72304","Isoflavone","HMDB0253637","72304","18220","C00799",NA,"O=C1C(=COC2=CC=CC=C12)C1=CC=CC=C1","1"
"96215","Imidazoleacetic acid","HMDB0002024","96215","16974","C02835","6445","OC(=O)CC1=CN=CN1","1"
"2680","NA","NA","NA","NA","NA","NA","NA","0"
"2249229","NA","NA","NA","NA","NA","NA","NA","0"
"16069998","NA","NA","NA","NA","NA","NA","NA","0"
"261","Butanal","HMDB0003543","261","15743","C01412","6947","CCCC=O","1"
"441643","Tuliposide B","HMDB0303141","441643","9778","C08570",NA,"[H]C(O)(CO)C(=C)C(=O)O[C@]1([H])O[C@]([H])(CO)[C@@]([H])(O)[C@]([H])(O)[C@@]1([H])O","1"
"59725","NA","NA","NA","NA","NA","NA","NA","0"
"5280450","Linoleic acid","HMDB0000673","5280450","17351","C01595","191","CCCCC\C=C/C\C=C/CCCCCCCC(O)=O","1"
"6262","Ornithine","HMDB0000214","6262","15729","C00077","27","NCCC[C@H](N)C(O)=O","1"
"5460801","NA","NA","NA","NA","NA","NA","NA","0"
"9034","Methohexital","HMDB0014617","9034","102216","C07844",NA,"CCC#CC(C)C1(CC=C)C(=O)NC(=O)N(C)C1=O","1"
"189661","N-acetoxy-1,1'-biphenyl-4-amine",NA,"189661","16395",NA,NA,"CC(=O)ONc1ccc(cc1)-c1ccccc1","1"
"500","4-Guanidinobutanoic acid","HMDB0003464","500","15728","C01035","6938","NC(=N)NCCCC(O)=O","1"
"7000","(R)-2-Methylimino-1-phenylpropan-1-ol",NA,"7000",NA,"C04351",NA,NA,"1"
"194156","Succinylproline",NA,"194156",NA,NA,NA,NA,"1"
"4479887","NA","NA","NA","NA","NA","NA","NA","0"
"25200557","NA","NA","NA","NA","NA","NA","NA","0"
"440630","NA","NA","NA","NA","NA","NA","NA","0"
"6770","Tetrahydrocoptisine","HMDB0258897","6770","15885","C04075",NA,"C1OC2=CC3=C(C=C2O1)C1CC2=C(CN1CC3)C1=C(OCO1)C=C2","1"
"763","Guanidoacetic acid","HMDB0000128","763","16344","C00581","5163","NC(=N)NCC(O)=O","1"
"66895","NA","NA","NA","NA","NA","NA","NA","0"
"5816","Epinephrine","HMDB0000068","5816","28918","C00788","5127","CNC[C@H](O)C1=CC(O)=C(O)C=C1","1"
"36383","NA","NA","NA","NA","NA","NA","NA","0"
"8113","Diethanolamine","HMDB0004437","8113","28123","C06772","3239","OCCNCCO","1"
"4173","Metronidazole","HMDB0015052","4173","6909","C07203",NA,"CC1=NC=C(N1CCO)[N+]([O-])=O","1"
"151187","O-Phosphohomoserine","HMDB0003484","151187","15961","C01102",NA,"N[C@@H](CCOP(O)(O)=O)C(O)=O","1"
"119404","Maculosin",NA,"119404",NA,NA,NA,NA,"1"
"227","2-Aminobenzoic acid","HMDB0001123","227","30754","C00108","6018","NC1=CC=CC=C1C(O)=O","1"
"34469","NA","NA","NA","NA","NA","NA","NA","0"
"75626","NA","NA","NA","NA","NA","NA","NA","0"
"5458468","(2S,3S)-2-hydroxytridecane-1,2,3-tricarboxylic acid",NA,"5458468","15608","C04655",NA,"CCCCCCCCCC(C(=O)O)(O)(CC(=O)O)C(=O)O","1"
"5281160","Cornexistin",NA,"5281160",NA,NA,NA,NA,"1"
"10911986","NA","NA","NA","NA","NA","NA","NA","0"
"64969","Methylhistidine","HMDB0000479","64969","27596","C01152","5466","[H][C@](N)(CC1=CN=CN1C)C(O)=O","1"
"6322","L-Arginine","HMDB0000517","6322","16467","C00062","5502","N[C@@H](CCCNC(N)=N)C(O)=O","1"
"17748","NA","NA","NA","NA","NA","NA","NA","0"
"16323","NA","NA","NA","NA","NA","NA","NA","0"
"31357","Tributyl Phosphate","HMDB0259164","31357","35019","C14439",NA,"CCCCOP(=O)(OCCCC)OCCCC","1"
"10434","Cyclohexane-1,3-dione",NA,"10434",NA,NA,NA,NA,"1"
"5281371","NA","NA","NA","NA","NA","NA","NA","0"
"56927962","NA","NA","NA","NA","NA","NA","NA","0"
"445629","NA","NA","NA","NA","NA","NA","NA","0"
"6441870","NA","NA","NA","NA","NA","NA","NA","0"
"2526","beta-Glycerophosphoric acid","HMDB0002520","2526","17270","C02979","6708","OCC(CO)OP(O)(O)=O","1"
"115314","NA","NA","NA","NA","NA","NA","NA","0"
"8143","Octylamine","HMDB0255916","8143","7728","C01740",NA,"CCCCCCCCN","1"
"137","5-Aminolevulinic acid","HMDB0001149","137","17549","C00430","6037","NCC(=O)CCC(O)=O","1"
"440593","NA","NA","NA","NA","NA","NA","NA","0"
"454","Octanal","HMDB0001140","454","17935","C01545","6033","CCCCCCCC=O","1"
"1017","Phthalic acid","HMDB0002107","1017","29069","C01606","6489","OC(=O)C1=CC=CC=C1C(O)=O","1"
"6508","Quinic acid","HMDB0003072","6508","17521","C00296","3329","O[C@@H]1C[C@@](O)(C[C@@H](O)[C@H]1O)C(O)=O","1"
"5281740","Otonecine",NA,"5281740",NA,NA,NA,NA,"1"
"5403","Terbutaline","HMDB0015009","5403","9449","C07129",NA,"CC(C)(C)NCC(O)C1=CC(O)=CC(O)=C1","1"
"11954136","NA","NA","NA","NA","NA","NA","NA","0"
"4915","Procarbazine","HMDB0015299","4915","71417","C07402",NA,"CNNCC1=CC=C(C=C1)C(=O)NC(C)C","1"
"151228","4-Pyridoxolactone","HMDB0003454","151228","16871","C00971","6936","CC1=NC=C2COC(=O)C2=C1O","1"
"8405","Isoquinoline","HMDB0034244","8405","16092","C06323",NA,"C1=CC=C2C=NC=CC2=C1","1"
"4485","Nifedipine","HMDB0015247","4485","7565","C07266",NA,"COC(=O)C1=C(C)NC(C)=C(C1C1=CC=CC=C1[N+]([O-])=O)C(=O)OC","1"
"91741","Hexaflumuron","HMDB0253130","91741","39383","C18861",NA,"OC(N=C(O)C1=C(F)C=CC=C1F)=NC1=CC(Cl)=C(OC(F)(F)C(F)F)C(Cl)=C1","1"
"56206","Difloxacin","HMDB0251259","56206","4537","C11234",NA,"CN1CCN(CC1)C1=C(F)C=C2C(=C1)N(C=C(C(O)=O)C2=O)C1=CC=C(F)C=C1","1"
"107754","NA","NA","NA","NA","NA","NA","NA","0"
"7107","NA","NA","NA","NA","NA","NA","NA","0"
"4098","Methapyrilene","HMDB0254524","4098","6820","C11114",NA,"CN(C)CCN(CC1=CC=CS1)C1=CC=CC=N1","1"
"238498","Ethyl 3-oxohexanoate","HMDB0031307","238498","18119","C02975",NA,"CCCC(=O)CC(=O)OCC","1"
"54678503","(E)-2,3-Dihydroxybut-2-enedioic acid",NA,"54678503",NA,NA,NA,NA,"1"
"439462","NA","NA","NA","NA","NA","NA","NA","0"
"54675753","Aspulvinone E",NA,"54675753",NA,NA,NA,NA,"1"
"6926","2-Aminobenzenesulfonic acid","HMDB0304940","6926","1015","C06333",NA,"NC1=CC=CC=C1S(O)(=O)=O","1"
"21","Acetohydroxybutyrate",NA,"21","982","C00659",NA,"CCC(O)(C(C)=O)C(=O)O","1"
"11954071","2-S-glutathionyl acetate","HMDB0062198","11954071","34302","C14862",NA,"[H][C@](N)(CCC(O)=N[C@@]([H])(CSCC(O)=O)C(O)=NCC(O)=O)C(O)=O","1"
"7945","Ethyl isovalerate","HMDB0030028","7945","31571","C12290",NA,"CCOC(=O)CC(C)C","1"
"6465","Piperidione",NA,"6465",NA,NA,NA,NA,"1"
"4178","Mexiletine","HMDB0014523","4178","6916","C07220",NA,"CC(N)COC1=C(C)C=CC=C1C","1"
"439358","5-Aminopentanamide","HMDB0012176","439358","18120","C00990",NA,"NCCCCC(N)=O","1"
"6009","Aminophenazone","HMDB0015493","6009","160246","C07539",NA,"CN(C)C1=C(C)N(C)N(C1=O)C1=CC=CC=C1","1"
"7463","p-Cymene","HMDB0005805","7463","28768","C06575",NA,"CC(C)C1=CC=C(C)C=C1","1"
"439612","NA","NA","NA","NA","NA","NA","NA","0"
"5281213","NA","NA","NA","NA","NA","NA","NA","0"
"75619","N-Acetylhistidine","HMDB0032055","75619","16437","C02997",NA,"CC(=O)N[C@@H](CC1=CNC=N1)C(O)=O","1"
"41368","Triadimenol","HMDB0259143","41368","9666","C11127",NA,"CC(C)(C)C(O)C(OC1=CC=C(Cl)C=C1)N1C=NC=N1","1"
"240071","NA","NA","NA","NA","NA","NA","NA","0"
"3762","Isoetharine","HMDB0014366","3762","775164","C07053",NA,"CCC(NC(C)C)C(O)C1=CC(O)=C(O)C=C1","1"
"441306","NA","NA","NA","NA","NA","NA","NA","0"
"161557","NA","NA","NA","NA","NA","NA","NA","0"
"10785","NA","NA","NA","NA","NA","NA","NA","0"
"83831","NA","NA","NA","NA","NA","NA","NA","0"
"9543061","NA","NA","NA","NA","NA","NA","NA","0"
"12565","Precocene II","HMDB0256742","12565","35606","C09018",NA,"COC1=C(OC)C=C2C=CC(C)(C)OC2=C1","1"
"16760658","NA","NA","NA","NA","NA","NA","NA","0"
"49852441","NA","NA","NA","NA","NA","NA","NA","0"
"54693278","NA","NA","NA","NA","NA","NA","NA","0"
"442360","(-)-alpha-Curcumene","HMDB0061838","442360","10225","C09649",NA,"[H][C@@](C)(CCC=C(C)C)C1=CC=C(C)C=C1","1"
"5284474","3-Amino-1,4-dimethyl-5H-pyrido[4,3-b]indole","HMDB0029746","5284474",NA,"C19306",NA,"CC1=C2C(NC3=CC=CC=C23)=C(C)C(N)=N1","1"
"440000","N-Formimidoyl-aspartic acid",NA,"440000",NA,NA,NA,NA,"1"
"95075","NA","NA","NA","NA","NA","NA","NA","0"
"159088","Mukaadial",NA,"159088",NA,NA,NA,NA,"1"
"5866","NA","NA","NA","NA","NA","NA","NA","0"
"11954205","NA","NA","NA","NA","NA","NA","NA","0"
"72319","Plumieride",NA,"72319",NA,NA,NA,NA,"1"
"5462471","NA","NA","NA","NA","NA","NA","NA","0"
"221493","Cholic acid","HMDB0000619","221493","16359","C00695","206","C[C@H](CCC(O)=O)[C@H]1CC[C@H]2[C@@H]3[C@H](O)C[C@@H]4C[C@H](O)CC[C@]4(C)[C@H]3C[C@H](O)[C@]12C","1"
"249877","NA","NA","NA","NA","NA","NA","NA","0"
"93362","NA","NA","NA","NA","NA","NA","NA","0"
"33037","Glucaric acid","HMDB0000663","33037","16002","C00818","5633","O[C@@H]([C@H](O)[C@@H](O)C(O)=O)[C@H](O)C(O)=O","1"
"442387","NA","NA","NA","NA","NA","NA","NA","0"
"5280818","NA","NA","NA","NA","NA","NA","NA","0"
"17756753","NA","NA","NA","NA","NA","NA","NA","0"
"443037","Chlorpromazine-N-oxide","HMDB0060573","443037","3648","C10966",NA,"CN(C)(=O)CCCN1C2=CC=CC=C2SC2=C1C=C(Cl)C=C2","1"
"10007","Chlorphentermine","HMDB0250132","10007",NA,"C07559",NA,"CC(C)(N)CC1=CC=C(Cl)C=C1","1"
"6321196","NA","NA","NA","NA","NA","NA","NA","0"
"5281647","Mangiferol","HMDB0302730","5281647","6682","C10077",NA,"[H][C@]1(CO)O[C@@]([H])(C2=C(O)C3=C(OC4=C(C=C(O)C(O)=C4)C3=O)C=C2O)[C@]([H])(O)[C@@]([H])(O)[C@]1([H])O","1"
"5281760","NA","NA","NA","NA","NA","NA","NA","0"
"2303","Methyl 2,6-dimethyl-5-nitro-4-[2-(trifluoromethyl)phenyl]-1,4-dihydropyridine-3-carboxylate","HMDB0247310","2303","131345","C13758",NA,"COC(=O)C1=C(C)NC(C)=C(C1C1=CC=CC=C1C(F)(F)F)[N+]([O-])=O","1"
"7254","1D-1-Guanidino-1-deoxy-3-dehydro-scyllo-inositol",NA,"7254",NA,"C04673",NA,NA,"1"
"442237","Gigantine",NA,"442237",NA,NA,NA,NA,"1"
"597195","NA","NA","NA","NA","NA","NA","NA","0"
"10706137","NA","NA","NA","NA","NA","NA","NA","0"
"126950","NA","NA","NA","NA","NA","NA","NA","0"
"6115","Aniline","HMDB0003012","6115","17296","C00292","489","NC1=CC=CC=C1","1"
"798","Indole","HMDB0000738","798","16881","C00463","286","N1C=CC2=C1C=CC=C2","1"
"8452","Cyclopentanone","HMDB0031407","8452","16486","C00557",NA,"O=C1CCCC1","1"
"228810","NA","NA","NA","NA","NA","NA","NA","0"
"4650","Quinone","HMDB0003364","4650","16509","C00472","6905","O=C1C=CC(=O)C=C1","1"
"164795","N(6)-Methyllysine","HMDB0002038","164795","17604","C02728",NA,"CNCCCC[C@H](N)C(O)=O","1"
"73094","NA","NA","NA","NA","NA","NA","NA","0"
"440150","Ethyl (R)-3-hydroxyhexanoate",NA,"440150",NA,NA,NA,NA,"1"
"2724","NA","NA","NA","NA","NA","NA","NA","0"
"92283","Glucurono-6,3-lactone",NA,"92283",NA,NA,NA,NA,"1"
"440188","NA","NA","NA","NA","NA","NA","NA","0"
"2244","Aspirin","HMDB0001879","2244","15365","C01405",NA,"CC(=O)OC1=CC=CC=C1C(O)=O","1"
"5801","NA","NA","NA","NA","NA","NA","NA","0"
"7991","Valeric acid","HMDB0000892","7991","17418","C00803","110","CCCCC(O)=O","1"
"9793905","NA","NA","NA","NA","NA","NA","NA","0"
"9833951","NA","NA","NA","NA","NA","NA","NA","0"
"25202224","NA","NA","NA","NA","NA","NA","NA","0"
"10198","NA","NA","NA","NA","NA","NA","NA","0"
"107807","Perindopril","HMDB0014928","107807","8024","C07706",NA,"[H][C@]12C[C@H](N(C(=O)[C@H](C)N[C@@H](CCC)C(=O)OCC)[C@@]1([H])CCCC2)C(O)=O","1"
"102926","Mannoheptulose","HMDB0254327","102926",NA,NA,NA,"OCC(O)C(O)C(O)C(O)C(=O)CO","1"
"444795","all-trans-Retinoic acid","HMDB0001852","444795","15367","C00777","2277","C\C(\C=C\C1=C(C)CCCC1(C)C)=C/C=C/C(/C)=C/C(O)=O","1"
"443292","6-Hydroxy-5,7-dimethyl-2-methylamino-4-(3-pyridylmethyl)benzothiazole","HMDB0251659","443292","4732","C11593",NA,"CNC1=NC2=C(S1)C(C)=C(O)C(C)=C2CC1=CN=CC=C1","1"
"46173893","NA","NA","NA","NA","NA","NA","NA","0"
"5280472","Thalassemine",NA,"5280472",NA,NA,NA,NA,"1"
"9877911","NA","NA","NA","NA","NA","NA","NA","0"
"56928084","Anthocyanin 3'-O-beta-D-glucoside",NA,"56928084",NA,NA,NA,NA,"1"
"69507","Fructose 6-phosphate","HMDB0000124","69507","15946","C00085","5159","OCC(=O)[C@@H](O)[C@H](O)[C@H](O)COP(O)(O)=O","1"
"29697","NA","NA","NA","NA","NA","NA","NA","0"
"6559","Isobutyronitrile","HMDB0341484","6559",NA,NA,NA,"CC(C)C#N","1"
"65407","NA","NA","NA","NA","NA","NA","NA","0"
"445154","Resveratrol","HMDB0003747","445154","45713","C03582",NA,"OC1=CC=C(\C=C\C2=CC(O)=CC(O)=C2)C=C1","1"
"240","Benzaldehyde","HMDB0006115","240","17169","C00261",NA,"O=CC1=CC=CC=C1","1"
"2331","Benzamide","HMDB0004461","2331","28179","C09815",NA,"NC(=O)C1=CC=CC=C1","1"
"445404","7-Methylguanosine","HMDB0001107","445404","20794",NA,"6008","CN1C=[N+]([C@@H]2O[C@H](CO)[C@@H](O)[C@H]2O)C2=C1C(=O)N=C(N)N2","1"
"442636","NA","NA","NA","NA","NA","NA","NA","0"
"3417835","NA","NA","NA","NA","NA","NA","NA","0"
"244","Benzyl alcohol","HMDB0003119","244","17987","C00556",NA,"OCC1=CC=CC=C1","1"
"5280820","NA","NA","NA","NA","NA","NA","NA","0"
"10110","Propynoic acid","HMDB0006804","10110","33199","C00804",NA,"OC(=O)C#C","1"
"440187","NA","NA","NA","NA","NA","NA","NA","0"
"6274","Histidine","HMDB0000177","6274","15971","C00135","21","N[C@@H](CC1=CN=CN1)C(O)=O","1"
"243","Benzoic acid","HMDB0001870","243","30746","C00180","1297","OC(=O)C1=CC=CC=C1","1"
"176630","Oblongolide",NA,"176630",NA,NA,NA,NA,"1"
"135","4-Hydroxybenzoic acid","HMDB0000500","135","30763","C00156","5486","OC(=O)C1=CC=C(O)C=C1","1"
"5962","Lysine","HMDB0000182","5962","18019","C00047","5200","NCCCC[C@H](N)C(O)=O","1"
"670","Dihydroxyacetone","HMDB0001882","670","16016","C00184","6368","OCC(=O)CO","1"
"25201132","NA","NA","NA","NA","NA","NA","NA","0"
"10144","Liriodenine","HMDB0301844","10144","70649","C09567",NA,"O=C1C2=C(C=CC=C2)C2=C3C(C=CN=C13)=CC1=C2OCO1","1"
"92042784","NA","NA","NA","NA","NA","NA","NA","0"
"439361","D-Prephenyl lactate",NA,"439361",NA,NA,NA,NA,"1"
"25244469","NA","NA","NA","NA","NA","NA","NA","0"
"33741","Tramadol","HMDB0014339","33741","75725","C07153",NA,"COC1=CC=CC(=C1)[C@@]1(O)CCCC[C@@H]1CN(C)C","1"
"23675735","NA","NA","NA","NA","NA","NA","NA","0"
"3037919","NA","NA","NA","NA","NA","NA","NA","0"
"972","Oxalosuccinic acid","HMDB0003974","972","44712","C05379","6996","OC(=O)C[C@H](C(O)=O)C(=O)C(O)=O","1"
"10243361","Homocarnosine","HMDB0000745","10243361","85981","C00884","270","NCCCC(=O)N[C@@H](CC1=CNC=N1)C(O)=O","1"
"441320","NA","NA","NA","NA","NA","NA","NA","0"
"439694","NA","NA","NA","NA","NA","NA","NA","0"
"4931","N-Isopropyl-2-chloroacetanilide",NA,"4931",NA,NA,NA,NA,"1"
"5459798","N(alpha),N(alpha),N(alpha)-Trimethyl-histidine",NA,"5459798",NA,NA,NA,NA,"1"
"1030","NA","NA","NA","NA","NA","NA","NA","0"
"66494","Phenolphthalin",NA,"66494",NA,NA,NA,NA,"1"
"31099","Formetanate","HMDB0252444","31099","38491",NA,NA,"CNC(=O)OC1=CC=CC(=C1)N=CN(C)C","1"
"151011","NA","NA","NA","NA","NA","NA","NA","0"
"5280625","2-Aminomuconic acid semialdehyde","HMDB0001280","5280625","15745","C03824","6133","N\C(=C\C=C/C=O)C(O)=O","1"
"25572","Ancymidol","HMDB0248390","25572","73171","C18774",NA,"COC1=CC=C(C=C1)C(O)(C1CC1)C1=CN=CN=C1","1"
"193187","D-Lysopine",NA,"193187",NA,"C04020",NA,NA,"1"
"5281559","NA","NA","NA","NA","NA","NA","NA","0"
"440915","NA","NA","NA","NA","NA","NA","NA","0"
"16","NA","NA","NA","NA","NA","NA","NA","0"
"17531","Ethyl azinphos","HMDB0248806","17531","38587","C18644",NA,"CCOP(=S)(OCC)SCN1N=NC2=CC=CC=C2C1=O","1"
"64961","beta-Carboline","HMDB0012897","64961","109895","C20157",NA,"N1C2=CC=CC=C2C2=CC=NC=C12","1"
"14989","NA","NA","NA","NA","NA","NA","NA","0"
"153367","N-(Acetyloxy)benzenamine",NA,"153367",NA,NA,NA,NA,"1"
"7533","Cyclamic acid","HMDB0031340","7533","15964","C02824",NA,"OS(=O)(=O)NC1CCCCC1","1"
"638186","NA","NA","NA","NA","NA","NA","NA","0"
"25203618","NA","NA","NA","NA","NA","NA","NA","0"
"68294649","4-(3-Methylbut-2-enyl)-L-abrine",NA,"68294649",NA,NA,NA,NA,"1"
"62258","Cathinone",NA,"62258",NA,NA,NA,NA,"1"
"654","Diethylphosphate","HMDB0012209","654","27708","C06608",NA,"CCOP(O)(=O)OCC","1"
"2726","Chlorpromazine","HMDB0014620","2726","3647","C06906",NA,"CN(C)CCCN1C2=CC=CC=C2SC2=C1C=C(Cl)C=C2","1"
"41322","Benzo[a]pyrene-7,8-dihydrodiol-9,10-oxide","HMDB0062470","41322","30614","C14853",NA,"OC1C2OC2C2=C(C=C3C=CC4=C5C(C=CC2=C35)=CC=C4)C1O","1"
"7361","2-Furanmethanol","HMDB0013742","7361","207496","C20441",NA,"OCC1=CC=CO1","1"
"6817","NA","NA","NA","NA","NA","NA","NA","0"
"17533","2,2-bis(4-Chlorophenyl)ethanol",NA,"17533",NA,NA,NA,NA,"1"
"5460362","D-Alanyl-D-alanine","HMDB0003459","5460362","16576","C00993","6937","C[C@@H](N)C(=O)N[C@H](C)C(O)=O","1"
"47346","Capsiamide","HMDB0040940","47346",NA,"C17515",NA,"CC(C)CCCCCCCCCCCC\N=C(\C)O","1"
"5460375","3-phospho-hydroxypyruvate","HMDB0304153","5460375","18110",NA,NA,"[O-]C(=O)C(=O)COP([O-])([O-])=O","1"
"5281816","Annuloline",NA,"5281816",NA,NA,NA,NA,"1"
"5281514","Buddledin A",NA,"5281514",NA,NA,NA,NA,"1"
"4935","Proparacaine","HMDB0014945","4935","309007","C07383",NA,"CCCOC1=C(N)C=C(C=C1)C(=O)OCCN(CC)CC","1"
"91751","Prosulfuron",NA,"91751",NA,NA,NA,NA,"1"
"5391","Temazepam","HMDB0014376","5391","195909","C07125",NA,"CN1C2=C(C=C(Cl)C=C2)C(=NC(O)C1=O)C1=CC=CC=C1","1"
"440736","3-Hydroxykynurenamine","HMDB0060281","440736",NA,"C05636",NA,"NCCC(=O)C1=C(N)C(O)=CC=C1","1"
"83553","NA","NA","NA","NA","NA","NA","NA","0"
"5281976","(2E)-4-hydroxy-3-methylbut-2-en-1-yl trihydrogen diphosphate",NA,"5281976","15664","C11811",NA,"C/C(=C\COP(=O)(O)OP(=O)(O)O)CO","1"
"14608351","NA","NA","NA","NA","NA","NA","NA","0"
"441789","Bruceoside A",NA,"441789",NA,NA,NA,NA,"1"
"24450","NA","NA","NA","NA","NA","NA","NA","0"
"53297442","alpha-[3-(Nitrosoamino)propyl]-3-pyridinemethanol","HMDB0062443","53297442","82575","C19581",NA,"ON=NCCCC(O)C1=CN=CC=C1","1"
"441436","NA","NA","NA","NA","NA","NA","NA","0"
"65115","NA","NA","NA","NA","NA","NA","NA","0"
"439167","NA","NA","NA","NA","NA","NA","NA","0"
"442538","Rhododendrin",NA,"442538",NA,NA,NA,NA,"1"
"16115","Chloroxuron","HMDB0250129","16115","82200",NA,NA,"CN(C)C(=O)NC1=CC=C(OC2=CC=C(Cl)C=C2)C=C1","1"
"124021","NA","NA","NA","NA","NA","NA","NA","0"
"64956","3-Aminoisobutanoic acid","HMDB0003911","64956","27389","C05145","5472","CC(CN)C(O)=O","1"
"73172","NA","NA","NA","NA","NA","NA","NA","0"
"53518","NA","NA","NA","NA","NA","NA","NA","0"
"5460449","NA","NA","NA","NA","NA","NA","NA","0"
"439401","4-Methylene-glutamine",NA,"439401",NA,NA,NA,NA,"1"
"38078","NA","NA","NA","NA","NA","NA","NA","0"
"122850","Aromadendrin","HMDB0030847","122850","15401","C00974",NA,"O[C@@H]1[C@H](OC2=CC(O)=CC(O)=C2C1=O)C1=CC=C(O)C=C1","1"
"3037","Dichlorophen","HMDB0251200","3037",NA,"C14292",NA,"OC1=CC=C(Cl)C=C1CC1=CC(Cl)=CC=C1O","1"
"73604","NA","NA","NA","NA","NA","NA","NA","0"
"6999783","NA","NA","NA","NA","NA","NA","NA","0"
"96118","Tetramethylscutellarein","HMDB0030575","96118","34357","C14472",NA,"COC1=CC=C(C=C1)C1=CC(=O)C2=C(OC)C(OC)=C(OC)C=C2O1","1"
"69160","7-Methyluric acid","HMDB0011107","69160","80470","C16355",NA,"CN1C(=O)NC2=C1C(=O)NC(=O)N2","1"
"4058","Meperidine","HMDB0014597","4058","122528","C07128",NA,"CCOC(=O)C1(CCN(C)CC1)C1=CC=CC=C1","1"
"6287","L-Valine","HMDB0000883","6287","16414","C00183","5842","CC(C)[C@H](N)C(O)=O","1"
"70","Ketoleucine","HMDB0000695","70","48430","C00233","5663","CC(C)CC(=O)C(O)=O","1"
"5460056","D-Xylonate","HMDB0242170","5460056","17746","C00502",NA,"[H][C@@](O)(CO)[C@]([H])(O)[C@@]([H])(O)C([O-])=O","1"
"5280373","Biochanin A","HMDB0002338","5280373","17574","C00814",NA,"COC1=CC=C(C=C1)C1=COC2=CC(O)=CC(O)=C2C1=O","1"
"160505","Sulochrin",NA,"160505",NA,NA,NA,NA,"1"
"5460151","NA","NA","NA","NA","NA","NA","NA","0"
"5994","Progesterone","HMDB0001830","5994","17026","C00410","402","[H][C@@]12CC[C@H](C(C)=O)[C@@]1(C)CC[C@@]1([H])[C@@]2([H])CCC2=CC(=O)CC[C@]12C","1"
"439960","D-Leucic acid","HMDB0000624","439960","55534","C03264","5597","CC(C)C[C@@H](O)C(O)=O","1"
"9858729","9,12,13-TriHOME","HMDB0004708","9858729","34506","C14833",NA,"CCCCC[C@H](O)[C@@H](O)\C=C\[C@@H](O)CCCCCCCC(O)=O","1"
"289","Pyrocatechol","HMDB0000957","289","18135","C00090","282","OC1=CC=CC=C1O","1"
"5280406","NA","NA","NA","NA","NA","NA","NA","0"
"5281745","Rosmarinine",NA,"5281745",NA,NA,NA,NA,"1"
"5280703","NA","NA","NA","NA","NA","NA","NA","0"
"5482","Tioconazole","HMDB0015142","5482","77898","C08082",NA,"ClC1=C(COC(CN2C=CN=C2)C2=C(Cl)C=C(Cl)C=C2)C=CS1","1"
"165271","L-Histidinol","HMDB0003431","165271","16255","C00860","3267","N[C@H](CO)CC1=CNC=N1","1"
"115015","Cysteine-S-sulfate","HMDB0000731","115015","27891","C05824",NA,"N[C@@H](CSS(O)(=O)=O)C(O)=O","1"
"23665888","NA","NA","NA","NA","NA","NA","NA","0"
"39385","Triadimefon","HMDB0259142","39385","84002","C11156",NA,"CC(C)(C)C(=O)C(OC1=CC=C(Cl)C=C1)N1C=NC=N1","1"
"104150","Ethyl butylacetylaminopropionate","HMDB0246904","104150",NA,"C18830",NA,"CCCCN(CCC(=O)OCC)C(C)=O","1"
"5280640","(Z)-But-1-ene-1,2,4-tricarboxylate","HMDB0060320","5280640","17516","C04002",NA,"OC(=O)CC\C(=C\C(O)=O)C(O)=O","1"
"5459830","NA","NA","NA","NA","NA","NA","NA","0"
"20849110","NA","NA","NA","NA","NA","NA","NA","0"
"10953","delta-Valerolactone","HMDB0250981","10953","16545","C02240",NA,"O=C1CCCCO1","1"
"160705","NA","NA","NA","NA","NA","NA","NA","0"
"5281625","Dehydrocycloguanandin",NA,"5281625",NA,NA,NA,NA,"1"
"441491","Thial-1-Propene-1-thiol S-oxide","HMDB0040346","441491","8475","C08389",NA,"CCC=S=O","1"
"2762","Cinoxacin","HMDB0014965","2762","3716","C08052",NA,"CCN1N=C(C(O)=O)C(=O)C2=CC3=C(OCO3)C=C12","1"
"442541","Robustaol A",NA,"442541",NA,NA,NA,NA,"1"
"10836","Methamphetamine","HMDB0015517","10836","6809","C07164",NA,"CN[C@@H](C)CC1=CC=CC=C1","1"
"8776","Mescaline","HMDB0254474","8776","28346","C06546",NA,"COC1=CC(CCN)=CC(OC)=C1OC","1"
"81399","NA","NA","NA","NA","NA","NA","NA","0"
"93556","NA","NA","NA","NA","NA","NA","NA","0"
"5280847","NA","NA","NA","NA","NA","NA","NA","0"
"2519","Caffeine","HMDB0001847","2519","27732","C07481","1455","CN1C=NC2=C1C(=O)N(C)C(=O)N2C","1"
"66166","Bisphenol B","HMDB0245327","66166",NA,"C14225",NA,"CCC(C)(C1=CC=C(O)C=C1)C1=CC=C(O)C=C1","1"
"150856","5-Fluorouridine monophosphate","HMDB0060397","150856","40101","C16634",NA,"O[C@H]1[C@@H](O)[C@@H](O[C@@H]1COP(O)(O)=O)N1C=C(F)C(O)=NC1=O","1"
"14345197","NA","NA","NA","NA","NA","NA","NA","0"
"6288","L-Threonine","HMDB0000167","6288","16857","C00188","32","C[C@@H](O)[C@H](N)C(O)=O","1"
"5921","N-Nitrosodiethylamine",NA,"5921",NA,NA,NA,NA,"1"
"5245705","NA","NA","NA","NA","NA","NA","NA","0"
"248906","NA","NA","NA","NA","NA","NA","NA","0"
"281241","NA","NA","NA","NA","NA","NA","NA","0"
"5280653","1-O-trans-Cinnamoyl-beta-D-glucose",NA,"5280653",NA,NA,NA,NA,"1"
"26454","Nonane-4,6-dione",NA,"26454",NA,NA,NA,NA,"1"
"26447","(-)-Menthone","HMDB0035162","26447","15410","C00843",NA,"CC(C)[C@@H]1CC[C@@H](C)CC1=O","1"
"13566","NA","NA","NA","NA","NA","NA","NA","0"
"108214","5-Acetylamino-6-formylamino-3-methyluracil","HMDB0011105","108214","32643","C16365",NA,"CN1C(=O)NC(NC=O)=C(NC(C)=O)C1=O","1"
"753","Glycerol","HMDB0000131","753","17754","C00116","105","OCC(O)CO","1"
"5280371","Bergaptol","HMDB0013679","5280371","17377","C00758",NA,"OC1=C2C=CC(=O)OC2=CC2=C1C=CO2","1"
"60773","Valaciclovir","HMDB0014716","60773","35854","C07184",NA,"CC(C)[C@H](N)C(=O)OCCOCN1C=NC2=C1NC(N)=NC2=O","1"
"89954","2-Hydroxyethylphosphonic acid",NA,"89954",NA,NA,NA,NA,"1"
"5282253","NA","NA","NA","NA","NA","NA","NA","0"
"49","alpha-Ketoisovaleric acid","HMDB0000019","49","16530","C00141","5091","CC(C)C(=O)C(O)=O","1"
"70364","Ethyl tyrosinate",NA,"70364",NA,NA,NA,NA,"1"
"16007","NA","NA","NA","NA","NA","NA","NA","0"
"5281772","Fagaramide",NA,"5281772",NA,NA,NA,NA,"1"
"25641","4-Heptyloxyphenol","HMDB0246434","25641",NA,"C14236",NA,"CCCCCCCOC1=CC=C(O)C=C1","1"
"46173720","NA","NA","NA","NA","NA","NA","NA","0"
"99456","NA","NA","NA","NA","NA","NA","NA","0"
"439233","Formiminoglutamic acid","HMDB0000854","439233","7274","C00439","5817","OC(=O)CC[C@H](NC=N)C(O)=O","1"
"54678486","Warfarin","HMDB0001935","54678486","87732","C01541","3031","CC(=O)CC(C1=CC=CC=C1)C1=C(O)C2=C(OC1=O)C=CC=C2","1"
"288","NA","NA","NA","NA","NA","NA","NA","0"
"24798681","NA","NA","NA","NA","NA","NA","NA","0"
"5281813","Wedelolactone","HMDB0259891","5281813","10037","C10541",NA,"COC1=CC(O)=C2C3=C(C4=CC(O)=C(O)C=C4O3)C(=O)OC2=C1","1"
"3023","Dibenzothiophene","HMDB0251165","3023","23681","C20125",NA,"S1C2=C(C=CC=C2)C2=C1C=CC=C2","1"
"7894","3-Methyl-1-butylamine","HMDB0031659","7894","43689","C02640",NA,"CC(C)CCN","1"
"12456","NA","NA","NA","NA","NA","NA","NA","0"
"5280642","NA","NA","NA","NA","NA","NA","NA","0"
"5281631","Euxanthone","HMDB0030724","5281631","4946","C10061",NA,"OC1=CC2=C(OC3=CC=CC(O)=C3C2=O)C=C1","1"
"445262","4-Amino-1-piperidinecarboxylic acid","HMDB0060385","445262",NA,"C16837",NA,"NC1CCN(CC1)C(O)=O","1"
"68374","7-Methylxanthine","HMDB0001991","68374","48991","C16353",NA,"CN1C=NC2=C1C(=O)NC(=O)N2","1"
"54693473","NA","NA","NA","NA","NA","NA","NA","0"
"3607071","NA","NA","NA","NA","NA","NA","NA","0"
"11526601","NA","NA","NA","NA","NA","NA","NA","0"
"88299","5-Acetylamino-6-amino-3-methyluracil","HMDB0004400","88299",NA,"C16366",NA,"CN1C(=O)NC(N)=C(NC(C)=O)C1=O","1"
"3080609","Dehydroglycine",NA,"3080609",NA,NA,NA,NA,"1"
"688084","L-Metanephrine","HMDB0062493","688084",NA,"C05588",NA,"CNC[C@H](O)C1=CC(OC)=C(O)C=C1","1"
"6194","Uracil mustard","HMDB0014929","6194","9884","C11686",NA,"ClCCN(CCCl)C1=CNC(=O)NC1=O","1"
"16212118","NA","NA","NA","NA","NA","NA","NA","0"
"39681","Isoprothiolane","HMDB0031779","39681","6047","C11111",NA,"CC(C)OC(=O)C(C(=O)OC(C)C)=C1SCCS1","1"
"777","NA","NA","NA","NA","NA","NA","NA","0"
"11096","psi-Pelletierine","HMDB0034580","11096",NA,"C10865",NA,"CN1C2CCCC1CC(=O)C2","1"
"2537","D-Camphor","HMDB0303206","2537","36773","C18369",NA,"CC1(C)C2CCC1(C)C(=O)C2","1"
"27944","NA","NA","NA","NA","NA","NA","NA","0"
"8663","2-Naphthol","HMDB0012322","8663","10432","C11713",NA,"OC1=CC2=CC=CC=C2C=C1","1"
"24892804","NA","NA","NA","NA","NA","NA","NA","0"
"5353","Sulmazole","HMDB0258615","5353","34988","C13749",NA,"COC1=C(C=CC(=C1)S(C)=O)C1=NC2=C(N1)C=CC=N2","1"
"97588","2-Dimethylaminoethylphosphonic acid",NA,"97588",NA,NA,NA,NA,"1"
"1794427","Chlorogenic acid","HMDB0003164","1794427","16112","C00852","3498","O[C@@H]1C[C@](O)(C[C@@H](OC(=O)\C=C\C2=CC(O)=C(O)C=C2)[C@@H]1O)C(O)=O","1"
"439918","Guanidinosuccinic acid","HMDB0003157","439918","17072","C03139","10","NC(=N)N[C@@H](CC(O)=O)C(O)=O","1"
"980","4-Nitrophenol","HMDB0001232","980","16836","C00870","4100","OC1=CC=C(C=C1)[N+]([O-])=O","1"
"50990930","NA","NA","NA","NA","NA","NA","NA","0"
"440473","Mimosine","HMDB0015188","440473","29063","C04771",NA,"N[C@@H](CN1C=CC(=O)C(O)=C1)C(O)=O","1"
"11740990","NA","NA","NA","NA","NA","NA","NA","0"
"439775","NA","NA","NA","NA","NA","NA","NA","0"
"444972","Fumaric acid","HMDB0000134","444972","18012","C00122","3242","OC(=O)\C=C\C(O)=O","1"
"439310","NA","NA","NA","NA","NA","NA","NA","0"
"7966","NA","NA","NA","NA","NA","NA","NA","0"
"5280445","Luteolin","HMDB0005800","5280445","15864","C01514",NA,"OC1=CC2=C(C(O)=C1)C(=O)C=C(O2)C1=CC=C(O)C(O)=C1","1"
"5281117","8R-HODE",NA,"5281117","28932","C08318",NA,"CCCCC/C=C\C/C=C\(O)CCCCCCC(=O)O","1"
